#! /c/Source/iverilog-install/bin/vvp
:ivl_version "12.0 (devel)" "(s20150603-1539-g2693dd32b)";
:ivl_delay_selection "TYPICAL";
:vpi_time_precision + 0;
:vpi_module "C:\iverilog\lib\ivl\system.vpi";
:vpi_module "C:\iverilog\lib\ivl\vhdl_sys.vpi";
:vpi_module "C:\iverilog\lib\ivl\vhdl_textio.vpi";
:vpi_module "C:\iverilog\lib\ivl\v2005_math.vpi";
:vpi_module "C:\iverilog\lib\ivl\va_math.vpi";
S_000001da000b00b0 .scope module, "cpu_top" "cpu_top" 2 10;
 .timescale 0 0;
    .port_info 0 /INPUT 1 "CLK";
    .port_info 1 /INPUT 1 "Reset";
    .port_info 2 /OUTPUT 1 "CLK_HLT";
L_000001da000beff0 .functor NOT 1, v000001da000f8560_0, C4<0>, C4<0>, C4<0>;
L_000001da000bece0 .functor OR 1, L_000001da001ae690, L_000001da001af3b0, C4<0>, C4<0>;
L_000001da000bf1b0 .functor OR 1, L_000001da001ae910, L_000001da001af8b0, C4<0>, C4<0>;
L_000001da000be960 .functor OR 1, L_000001da001aeb90, L_000001da001aecd0, C4<0>, C4<0>;
L_000001da000be500 .functor OR 1, L_000001da000be960, L_000001da001aed70, C4<0>, C4<0>;
L_000001da000be6c0 .functor OR 1, L_000001da000be500, L_000001da001aee10, C4<0>, C4<0>;
v000001da0015c460_0 .net "AluData", 15 0, v000001da000f70c0_0;  1 drivers
v000001da0015c500_0 .net "AluInB", 15 0, L_000001da001af950;  1 drivers
v000001da0015cfa0_0 .net "AluMode", 3 0, v000001da000f7de0_0;  1 drivers
v000001da0015d900_0 .net "AtoA", 0 0, v000001da000f8d80_0;  1 drivers
v000001da0015dfe0_0 .net "AtoC", 0 0, v000001da000f8880_0;  1 drivers
v000001da0015c5a0_0 .net "BtoB", 0 0, v000001da000f73e0_0;  1 drivers
o000001da001158d8 .functor BUFZ 1, C4<z>; HiZ drive
v000001da0015c820_0 .net "CLK", 0 0, o000001da001158d8;  0 drivers
v000001da0015c640_0 .net "CLK_HLT", 0 0, v000001da000f7ac0_0;  1 drivers
v000001da0015d720_0 .net "CtoC", 0 0, v000001da000f7480_0;  1 drivers
v000001da0015d4a0_0 .net "FlagOut", 1 0, v000001da000f7700_0;  1 drivers
v000001da0015cc80_0 .net "JmpAddr", 9 0, L_000001da00160e80;  1 drivers
v000001da0015d9a0_0 .net "JmpInstruction", 0 0, v000001da000f8560_0;  1 drivers
v000001da0015da40_0 .net "MemAddr", 9 0, L_000001da001afdb0;  1 drivers
v000001da0015c780_0 .net "MemData", 15 0, v000001da000f7ca0_0;  1 drivers
v000001da0015c6e0_0 .net "MemRead", 0 0, v000001da000f7d40_0;  1 drivers
v000001da0015cd20_0 .net "MemWrite", 0 0, v000001da000f8ec0_0;  1 drivers
v000001da0015cdc0_0 .net "MemWriteData", 15 0, L_000001da001c11f0;  1 drivers
v000001da0015db80_0 .net "PCout", 9 0, v000001da000f8420_0;  1 drivers
v000001da0015d5e0_0 .net "ReadReg0", 4 0, L_000001da001af590;  1 drivers
v000001da0015d220_0 .net "ReadReg1", 4 0, L_000001da001ae550;  1 drivers
v000001da0015dcc0_0 .net "RegData0", 15 0, v000001da0015d400_0;  1 drivers
v000001da0015d040_0 .net "RegData1", 15 0, v000001da0015de00_0;  1 drivers
v000001da0015d0e0_0 .net "RegWriteData", 15 0, L_000001da001afe50;  1 drivers
v000001da0015ce60_0 .net "RegWriteEn", 0 0, v000001da000f8100_0;  1 drivers
o000001da00108708 .functor BUFZ 1, C4<z>; HiZ drive
v000001da0015d540_0 .net "Reset", 0 0, o000001da00108708;  0 drivers
v000001da0015d180_0 .net "StackPointer", 9 0, L_000001da001c20f0;  1 drivers
v000001da0015d2c0_0 .net "StackPop", 0 0, v000001da000f7660_0;  1 drivers
v000001da0015d7c0_0 .net "StackPush", 0 0, v000001da000f87e0_0;  1 drivers
v000001da0015e510_0 .net "WriteReg", 4 0, L_000001da001ae370;  1 drivers
v000001da0015e8d0_0 .net *"_ivl_10", 0 0, L_000001da00160ca0;  1 drivers
L_000001da00162648 .functor BUFT 1, C4<001101>, C4<0>, C4<0>, C4<0>;
v000001da0015e470_0 .net/2u *"_ivl_102", 5 0, L_000001da00162648;  1 drivers
v000001da0015ef10_0 .net *"_ivl_104", 0 0, L_000001da001ae690;  1 drivers
L_000001da00162690 .functor BUFT 1, C4<001111>, C4<0>, C4<0>, C4<0>;
v000001da0015ec90_0 .net/2u *"_ivl_106", 5 0, L_000001da00162690;  1 drivers
v000001da00160090_0 .net *"_ivl_108", 0 0, L_000001da001af3b0;  1 drivers
v000001da0015feb0_0 .net *"_ivl_111", 0 0, L_000001da000bece0;  1 drivers
L_000001da001626d8 .functor BUFT 1, C4<000000>, C4<0>, C4<0>, C4<0>;
v000001da0015fe10_0 .net/2u *"_ivl_112", 5 0, L_000001da001626d8;  1 drivers
v000001da0015e3d0_0 .net *"_ivl_115", 9 0, L_000001da001af630;  1 drivers
v000001da0015ea10_0 .net *"_ivl_116", 15 0, L_000001da001af4f0;  1 drivers
L_000001da00162720 .functor BUFT 1, C4<000010>, C4<0>, C4<0>, C4<0>;
v000001da0015f0f0_0 .net/2u *"_ivl_120", 5 0, L_000001da00162720;  1 drivers
v000001da0015faf0_0 .net *"_ivl_122", 0 0, L_000001da001ae910;  1 drivers
L_000001da00162768 .functor BUFT 1, C4<000011>, C4<0>, C4<0>, C4<0>;
v000001da0015f7d0_0 .net/2u *"_ivl_124", 5 0, L_000001da00162768;  1 drivers
v000001da0015e830_0 .net *"_ivl_126", 0 0, L_000001da001af8b0;  1 drivers
v000001da0015e290_0 .net *"_ivl_129", 0 0, L_000001da000bf1b0;  1 drivers
v000001da0015e1f0_0 .net *"_ivl_13", 9 0, L_000001da00161060;  1 drivers
v000001da0015ff50_0 .net *"_ivl_131", 9 0, L_000001da001ae9b0;  1 drivers
L_000001da001627b0 .functor BUFT 1, C4<000100>, C4<0>, C4<0>, C4<0>;
v000001da0015e6f0_0 .net/2u *"_ivl_132", 5 0, L_000001da001627b0;  1 drivers
v000001da0015fd70_0 .net *"_ivl_134", 0 0, L_000001da001aea50;  1 drivers
v000001da0015fb90_0 .net *"_ivl_137", 9 0, L_000001da001afc70;  1 drivers
L_000001da001627f8 .functor BUFT 1, C4<000101>, C4<0>, C4<0>, C4<0>;
v000001da0015fff0_0 .net/2u *"_ivl_138", 5 0, L_000001da001627f8;  1 drivers
v000001da0015fc30_0 .net *"_ivl_140", 0 0, L_000001da001b0030;  1 drivers
v000001da0015e330_0 .net *"_ivl_143", 9 0, L_000001da001aeaf0;  1 drivers
L_000001da00162840 .functor BUFT 1, C4<100001>, C4<0>, C4<0>, C4<0>;
v000001da0015f870_0 .net/2u *"_ivl_144", 5 0, L_000001da00162840;  1 drivers
v000001da0015eab0_0 .net *"_ivl_146", 0 0, L_000001da001aeb90;  1 drivers
L_000001da00162888 .functor BUFT 1, C4<100010>, C4<0>, C4<0>, C4<0>;
v000001da0015e5b0_0 .net/2u *"_ivl_148", 5 0, L_000001da00162888;  1 drivers
v000001da0015e650_0 .net *"_ivl_15", 9 0, L_000001da00160840;  1 drivers
v000001da0015f910_0 .net *"_ivl_150", 0 0, L_000001da001aecd0;  1 drivers
v000001da0015ed30_0 .net *"_ivl_153", 0 0, L_000001da000be960;  1 drivers
L_000001da001628d0 .functor BUFT 1, C4<100011>, C4<0>, C4<0>, C4<0>;
v000001da0015e790_0 .net/2u *"_ivl_154", 5 0, L_000001da001628d0;  1 drivers
v000001da0015edd0_0 .net *"_ivl_156", 0 0, L_000001da001aed70;  1 drivers
v000001da0015f9b0_0 .net *"_ivl_159", 0 0, L_000001da000be500;  1 drivers
v000001da0015e970_0 .net *"_ivl_16", 9 0, L_000001da001608e0;  1 drivers
L_000001da00162918 .functor BUFT 1, C4<100100>, C4<0>, C4<0>, C4<0>;
v000001da0015f050_0 .net/2u *"_ivl_160", 5 0, L_000001da00162918;  1 drivers
v000001da0015fa50_0 .net *"_ivl_162", 0 0, L_000001da001aee10;  1 drivers
v000001da0015f190_0 .net *"_ivl_165", 0 0, L_000001da000be6c0;  1 drivers
v000001da0015eb50_0 .net *"_ivl_167", 9 0, L_000001da001af770;  1 drivers
v000001da0015ebf0_0 .net *"_ivl_168", 9 0, L_000001da001af810;  1 drivers
v000001da0015f370_0 .net *"_ivl_170", 9 0, L_000001da001afa90;  1 drivers
v000001da0015efb0_0 .net *"_ivl_172", 9 0, L_000001da001afd10;  1 drivers
L_000001da00162960 .functor BUFT 1, C4<100011>, C4<0>, C4<0>, C4<0>;
v000001da0015ee70_0 .net/2u *"_ivl_176", 5 0, L_000001da00162960;  1 drivers
v000001da0015f230_0 .net *"_ivl_178", 0 0, L_000001da001aeeb0;  1 drivers
L_000001da001629a8 .functor BUFT 1, C4<000000>, C4<0>, C4<0>, C4<0>;
v000001da0015f2d0_0 .net/2u *"_ivl_180", 5 0, L_000001da001629a8;  1 drivers
L_000001da001629f0 .functor BUFT 1, C4<0000000001>, C4<0>, C4<0>, C4<0>;
v000001da0015f410_0 .net/2u *"_ivl_182", 9 0, L_000001da001629f0;  1 drivers
v000001da0015f4b0_0 .net *"_ivl_184", 9 0, L_000001da001aeff0;  1 drivers
v000001da0015fcd0_0 .net *"_ivl_186", 15 0, L_000001da001af130;  1 drivers
L_000001da001621c8 .functor BUFT 1, C4<011010>, C4<0>, C4<0>, C4<0>;
v000001da0015f550_0 .net/2u *"_ivl_2", 5 0, L_000001da001621c8;  1 drivers
v000001da0015f5f0_0 .net *"_ivl_23", 4 0, L_000001da00161420;  1 drivers
L_000001da001622a0 .functor BUFT 1, C4<00000>, C4<0>, C4<0>, C4<0>;
v000001da0015f690_0 .net/2u *"_ivl_24", 4 0, L_000001da001622a0;  1 drivers
v000001da0015f730_0 .net *"_ivl_29", 4 0, L_000001da001af9f0;  1 drivers
L_000001da001622e8 .functor BUFT 1, C4<00000>, C4<0>, C4<0>, C4<0>;
v000001da00160700_0 .net/2u *"_ivl_30", 4 0, L_000001da001622e8;  1 drivers
v000001da001620a0_0 .net *"_ivl_35", 4 0, L_000001da001b00d0;  1 drivers
v000001da00161740_0 .net *"_ivl_37", 4 0, L_000001da001af6d0;  1 drivers
L_000001da00162330 .functor BUFT 1, C4<000111>, C4<0>, C4<0>, C4<0>;
v000001da00161d80_0 .net/2u *"_ivl_38", 5 0, L_000001da00162330;  1 drivers
v000001da001611a0_0 .net *"_ivl_4", 0 0, L_000001da00160520;  1 drivers
v000001da00162000_0 .net *"_ivl_40", 0 0, L_000001da001afef0;  1 drivers
L_000001da00162378 .functor BUFT 1, C4<11111>, C4<0>, C4<0>, C4<0>;
v000001da00161600_0 .net/2u *"_ivl_42", 4 0, L_000001da00162378;  1 drivers
L_000001da001623c0 .functor BUFT 1, C4<010000>, C4<0>, C4<0>, C4<0>;
v000001da001605c0_0 .net/2u *"_ivl_44", 5 0, L_000001da001623c0;  1 drivers
v000001da00161ba0_0 .net *"_ivl_46", 0 0, L_000001da001ae7d0;  1 drivers
v000001da001619c0_0 .net *"_ivl_49", 4 0, L_000001da001aef50;  1 drivers
L_000001da00162408 .functor BUFT 1, C4<00000>, C4<0>, C4<0>, C4<0>;
v000001da00161240_0 .net/2u *"_ivl_50", 4 0, L_000001da00162408;  1 drivers
v000001da00161c40_0 .net *"_ivl_52", 4 0, L_000001da001af1d0;  1 drivers
v000001da001617e0_0 .net *"_ivl_54", 4 0, L_000001da001ae730;  1 drivers
v000001da00160a20_0 .net *"_ivl_56", 4 0, L_000001da001afb30;  1 drivers
L_000001da00162450 .functor BUFT 1, C4<000110>, C4<0>, C4<0>, C4<0>;
v000001da00161920_0 .net/2u *"_ivl_60", 5 0, L_000001da00162450;  1 drivers
v000001da00161e20_0 .net *"_ivl_62", 0 0, L_000001da001af450;  1 drivers
L_000001da00162498 .functor BUFT 1, C4<000000>, C4<0>, C4<0>, C4<0>;
v000001da00160200_0 .net/2u *"_ivl_64", 5 0, L_000001da00162498;  1 drivers
v000001da00161a60_0 .net *"_ivl_67", 9 0, L_000001da001afbd0;  1 drivers
v000001da00161b00_0 .net *"_ivl_68", 15 0, L_000001da001af310;  1 drivers
v000001da001602a0_0 .net *"_ivl_7", 9 0, L_000001da00160c00;  1 drivers
L_000001da001624e0 .functor BUFT 1, C4<000111>, C4<0>, C4<0>, C4<0>;
v000001da00161ce0_0 .net/2u *"_ivl_70", 5 0, L_000001da001624e0;  1 drivers
v000001da00161880_0 .net *"_ivl_72", 0 0, L_000001da001aec30;  1 drivers
v000001da001612e0_0 .net *"_ivl_75", 15 0, L_000001da001ae230;  1 drivers
L_000001da00162528 .functor BUFT 1, C4<001001>, C4<0>, C4<0>, C4<0>;
v000001da00160660_0 .net/2u *"_ivl_76", 5 0, L_000001da00162528;  1 drivers
v000001da00160980_0 .net *"_ivl_78", 0 0, L_000001da001ae2d0;  1 drivers
L_000001da00162210 .functor BUFT 1, C4<100100>, C4<0>, C4<0>, C4<0>;
v000001da00160d40_0 .net/2u *"_ivl_8", 5 0, L_000001da00162210;  1 drivers
L_000001da00162570 .functor BUFT 1, C4<000000>, C4<0>, C4<0>, C4<0>;
v000001da001614c0_0 .net/2u *"_ivl_80", 5 0, L_000001da00162570;  1 drivers
v000001da00160ac0_0 .net *"_ivl_82", 15 0, L_000001da001aff90;  1 drivers
L_000001da001625b8 .functor BUFT 1, C4<001000>, C4<0>, C4<0>, C4<0>;
v000001da00161560_0 .net/2u *"_ivl_84", 5 0, L_000001da001625b8;  1 drivers
v000001da00160b60_0 .net *"_ivl_86", 0 0, L_000001da001ae5f0;  1 drivers
L_000001da00162600 .functor BUFT 1, C4<000000>, C4<0>, C4<0>, C4<0>;
v000001da00161380_0 .net/2u *"_ivl_88", 5 0, L_000001da00162600;  1 drivers
v000001da00161ec0_0 .net *"_ivl_90", 15 0, L_000001da001ae410;  1 drivers
v000001da00161f60_0 .net *"_ivl_92", 15 0, L_000001da001af270;  1 drivers
v000001da00160340_0 .net *"_ivl_94", 15 0, L_000001da001ae4b0;  1 drivers
v000001da00161100_0 .net *"_ivl_96", 15 0, L_000001da001af090;  1 drivers
v000001da001607a0_0 .net *"_ivl_98", 15 0, L_000001da001ae870;  1 drivers
v000001da001616a0_0 .net "instruction", 23 0, L_000001da000be490;  1 drivers
v000001da00160de0_0 .net "internal_clk", 0 0, L_000001da000be8f0;  1 drivers
v000001da001603e0_0 .net "opcode", 5 0, L_000001da00160480;  1 drivers
L_000001da00160480 .part L_000001da000be490, 18, 6;
L_000001da00160520 .cmp/eq 6, L_000001da00160480, L_000001da001621c8;
L_000001da00160c00 .part v000001da0015d400_0, 0, 10;
L_000001da00160ca0 .cmp/eq 6, L_000001da00160480, L_000001da00162210;
L_000001da00161060 .part v000001da000f7ca0_0, 0, 10;
L_000001da00160840 .part L_000001da000be490, 3, 10;
L_000001da001608e0 .functor MUXZ 10, L_000001da00160840, L_000001da00161060, L_000001da00160ca0, C4<>;
L_000001da00160e80 .functor MUXZ 10, L_000001da001608e0, L_000001da00160c00, L_000001da00160520, C4<>;
L_000001da00161420 .part L_000001da000be490, 13, 5;
L_000001da001af590 .functor MUXZ 5, L_000001da001622a0, L_000001da00161420, v000001da000f8d80_0, C4<>;
L_000001da001af9f0 .part L_000001da000be490, 8, 5;
L_000001da001ae550 .functor MUXZ 5, L_000001da001622e8, L_000001da001af9f0, v000001da000f73e0_0, C4<>;
L_000001da001b00d0 .part L_000001da000be490, 0, 5;
L_000001da001af6d0 .part L_000001da000be490, 13, 5;
L_000001da001afef0 .cmp/eq 6, L_000001da00160480, L_000001da00162330;
L_000001da001ae7d0 .cmp/eq 6, L_000001da00160480, L_000001da001623c0;
L_000001da001aef50 .part L_000001da000be490, 0, 5;
L_000001da001af1d0 .functor MUXZ 5, L_000001da00162408, L_000001da001aef50, L_000001da001ae7d0, C4<>;
L_000001da001ae730 .functor MUXZ 5, L_000001da001af1d0, L_000001da00162378, L_000001da001afef0, C4<>;
L_000001da001afb30 .functor MUXZ 5, L_000001da001ae730, L_000001da001af6d0, v000001da000f8880_0, C4<>;
L_000001da001ae370 .functor MUXZ 5, L_000001da001afb30, L_000001da001b00d0, v000001da000f7480_0, C4<>;
L_000001da001af450 .cmp/eq 6, L_000001da00160480, L_000001da00162450;
L_000001da001afbd0 .part L_000001da000be490, 3, 10;
L_000001da001af310 .concat [ 10 6 0 0], L_000001da001afbd0, L_000001da00162498;
L_000001da001aec30 .cmp/eq 6, L_000001da00160480, L_000001da001624e0;
L_000001da001ae230 .part L_000001da000be490, 2, 16;
L_000001da001ae2d0 .cmp/eq 6, L_000001da00160480, L_000001da00162528;
L_000001da001aff90 .concat [ 10 6 0 0], L_000001da001c20f0, L_000001da00162570;
L_000001da001ae5f0 .cmp/eq 6, L_000001da00160480, L_000001da001625b8;
L_000001da001ae410 .concat [ 10 6 0 0], v000001da000f8420_0, L_000001da00162600;
L_000001da001af270 .functor MUXZ 16, v000001da000f70c0_0, L_000001da001ae410, L_000001da001ae5f0, C4<>;
L_000001da001ae4b0 .functor MUXZ 16, L_000001da001af270, L_000001da001aff90, L_000001da001ae2d0, C4<>;
L_000001da001af090 .functor MUXZ 16, L_000001da001ae4b0, L_000001da001ae230, L_000001da001aec30, C4<>;
L_000001da001ae870 .functor MUXZ 16, L_000001da001af090, L_000001da001af310, L_000001da001af450, C4<>;
L_000001da001afe50 .functor MUXZ 16, L_000001da001ae870, v000001da000f7ca0_0, v000001da000f7d40_0, C4<>;
L_000001da001ae690 .cmp/eq 6, L_000001da00160480, L_000001da00162648;
L_000001da001af3b0 .cmp/eq 6, L_000001da00160480, L_000001da00162690;
L_000001da001af630 .part L_000001da000be490, 3, 10;
L_000001da001af4f0 .concat [ 10 6 0 0], L_000001da001af630, L_000001da001626d8;
L_000001da001af950 .functor MUXZ 16, v000001da0015de00_0, L_000001da001af4f0, L_000001da000bece0, C4<>;
L_000001da001ae910 .cmp/eq 6, L_000001da00160480, L_000001da00162720;
L_000001da001af8b0 .cmp/eq 6, L_000001da00160480, L_000001da00162768;
L_000001da001ae9b0 .part L_000001da000be490, 3, 10;
L_000001da001aea50 .cmp/eq 6, L_000001da00160480, L_000001da001627b0;
L_000001da001afc70 .part v000001da0015d400_0, 0, 10;
L_000001da001b0030 .cmp/eq 6, L_000001da00160480, L_000001da001627f8;
L_000001da001aeaf0 .part v000001da0015de00_0, 0, 10;
L_000001da001aeb90 .cmp/eq 6, L_000001da00160480, L_000001da00162840;
L_000001da001aecd0 .cmp/eq 6, L_000001da00160480, L_000001da00162888;
L_000001da001aed70 .cmp/eq 6, L_000001da00160480, L_000001da001628d0;
L_000001da001aee10 .cmp/eq 6, L_000001da00160480, L_000001da00162918;
L_000001da001af770 .part v000001da000f70c0_0, 0, 10;
L_000001da001af810 .functor MUXZ 10, L_000001da001af770, L_000001da001c20f0, L_000001da000be6c0, C4<>;
L_000001da001afa90 .functor MUXZ 10, L_000001da001af810, L_000001da001aeaf0, L_000001da001b0030, C4<>;
L_000001da001afd10 .functor MUXZ 10, L_000001da001afa90, L_000001da001afc70, L_000001da001aea50, C4<>;
L_000001da001afdb0 .functor MUXZ 10, L_000001da001afd10, L_000001da001ae9b0, L_000001da000bf1b0, C4<>;
L_000001da001aeeb0 .cmp/eq 6, L_000001da00160480, L_000001da00162960;
L_000001da001aeff0 .arith/sum 10, v000001da000f8420_0, L_000001da001629f0;
L_000001da001af130 .concat [ 10 6 0 0], L_000001da001aeff0, L_000001da001629a8;
L_000001da001c11f0 .functor MUXZ 16, v000001da0015d400_0, L_000001da001af130, L_000001da001aeeb0, C4<>;
S_000001da0007c600 .scope module, "OPdecoder" "decoder" 2 62, 3 1 0, S_000001da000b00b0;
 .timescale 0 0;
    .port_info 0 /INPUT 6 "opcode";
    .port_info 1 /INPUT 2 "Flags";
    .port_info 2 /OUTPUT 1 "RegWrite";
    .port_info 3 /OUTPUT 1 "MemRead";
    .port_info 4 /OUTPUT 1 "MemWrite";
    .port_info 5 /OUTPUT 1 "StackPush";
    .port_info 6 /OUTPUT 1 "StackPop";
    .port_info 7 /OUTPUT 1 "JmpInstruction";
    .port_info 8 /OUTPUT 1 "CLK_HLT";
    .port_info 9 /OUTPUT 1 "AtoA";
    .port_info 10 /OUTPUT 1 "BtoB";
    .port_info 11 /OUTPUT 1 "CtoC";
    .port_info 12 /OUTPUT 1 "AtoC";
    .port_info 13 /OUTPUT 4 "AluMode";
v000001da000f7de0_0 .var "AluMode", 3 0;
v000001da000f8d80_0 .var "AtoA", 0 0;
v000001da000f8880_0 .var "AtoC", 0 0;
v000001da000f73e0_0 .var "BtoB", 0 0;
v000001da000f7ac0_0 .var "CLK_HLT", 0 0;
v000001da000f7480_0 .var "CtoC", 0 0;
v000001da000f8f60_0 .net "Flags", 1 0, v000001da000f7700_0;  alias, 1 drivers
v000001da000f8560_0 .var "JmpInstruction", 0 0;
v000001da000f7d40_0 .var "MemRead", 0 0;
v000001da000f8ec0_0 .var "MemWrite", 0 0;
v000001da000f8100_0 .var "RegWrite", 0 0;
v000001da000f7660_0 .var "StackPop", 0 0;
v000001da000f87e0_0 .var "StackPush", 0 0;
v000001da000f7520_0 .net "opcode", 5 0, L_000001da00160480;  alias, 1 drivers
E_000001da000b39b0 .event anyedge, v000001da000f7520_0, v000001da000f8f60_0;
S_000001da0007c790 .scope module, "arithmetic_logic_unit" "alu" 2 107, 4 1 0, S_000001da000b00b0;
 .timescale 0 0;
    .port_info 0 /INPUT 1 "CLK";
    .port_info 1 /INPUT 1 "reset";
    .port_info 2 /INPUT 16 "A";
    .port_info 3 /INPUT 16 "B";
    .port_info 4 /INPUT 4 "Mode";
    .port_info 5 /OUTPUT 16 "Result";
    .port_info 6 /OUTPUT 2 "FlagsOut";
v000001da000f77a0_0 .net "A", 15 0, v000001da0015d400_0;  alias, 1 drivers
v000001da000f8c40_0 .net "B", 15 0, L_000001da001af950;  alias, 1 drivers
v000001da000f81a0_0 .net "CLK", 0 0, L_000001da000be8f0;  alias, 1 drivers
v000001da000f7700_0 .var "FlagsOut", 1 0;
v000001da000f7b60_0 .net "Mode", 3 0, v000001da000f7de0_0;  alias, 1 drivers
v000001da000f70c0_0 .var "Result", 15 0;
v000001da000f7160_0 .var "next_flags", 1 0;
v000001da000f7840_0 .net "reset", 0 0, o000001da00108708;  alias, 0 drivers
v000001da000f7c00_0 .var "update_flags", 0 0;
E_000001da000b3bf0 .event posedge, v000001da000f7840_0, v000001da000f81a0_0;
E_000001da000b3d70/0 .event anyedge, v000001da000f8f60_0, v000001da000f7de0_0, v000001da000f77a0_0, v000001da000f8c40_0;
E_000001da000b3d70/1 .event anyedge, v000001da000f70c0_0;
E_000001da000b3d70 .event/or E_000001da000b3d70/0, E_000001da000b3d70/1;
S_000001da000643a0 .scope module, "data_ram" "ram" 2 126, 5 1 0, S_000001da000b00b0;
 .timescale 0 0;
    .port_info 0 /INPUT 10 "Addr";
    .port_info 1 /INPUT 16 "WriteData";
    .port_info 2 /INPUT 1 "WriteEnable";
    .port_info 3 /INPUT 1 "ReadEnable";
    .port_info 4 /INPUT 1 "CLK";
    .port_info 5 /OUTPUT 16 "ReadData";
v000001da000f7200_0 .net "Addr", 9 0, L_000001da001afdb0;  alias, 1 drivers
v000001da000f78e0_0 .net "CLK", 0 0, L_000001da000be8f0;  alias, 1 drivers
v000001da000f7ca0_0 .var "ReadData", 15 0;
v000001da000f7f20_0 .net "ReadEnable", 0 0, v000001da000f7d40_0;  alias, 1 drivers
v000001da000f75c0_0 .net "WriteData", 15 0, L_000001da001c11f0;  alias, 1 drivers
v000001da000f7fc0_0 .net "WriteEnable", 0 0, v000001da000f8ec0_0;  alias, 1 drivers
v000001da000f7980 .array "memory", 1023 0, 15 0;
E_000001da000b5570 .event posedge, v000001da000f81a0_0;
v000001da000f7980_0 .array/port v000001da000f7980, 0;
v000001da000f7980_1 .array/port v000001da000f7980, 1;
E_000001da000b4f70/0 .event anyedge, v000001da000f7d40_0, v000001da000f7200_0, v000001da000f7980_0, v000001da000f7980_1;
v000001da000f7980_2 .array/port v000001da000f7980, 2;
v000001da000f7980_3 .array/port v000001da000f7980, 3;
v000001da000f7980_4 .array/port v000001da000f7980, 4;
v000001da000f7980_5 .array/port v000001da000f7980, 5;
E_000001da000b4f70/1 .event anyedge, v000001da000f7980_2, v000001da000f7980_3, v000001da000f7980_4, v000001da000f7980_5;
v000001da000f7980_6 .array/port v000001da000f7980, 6;
v000001da000f7980_7 .array/port v000001da000f7980, 7;
v000001da000f7980_8 .array/port v000001da000f7980, 8;
v000001da000f7980_9 .array/port v000001da000f7980, 9;
E_000001da000b4f70/2 .event anyedge, v000001da000f7980_6, v000001da000f7980_7, v000001da000f7980_8, v000001da000f7980_9;
v000001da000f7980_10 .array/port v000001da000f7980, 10;
v000001da000f7980_11 .array/port v000001da000f7980, 11;
v000001da000f7980_12 .array/port v000001da000f7980, 12;
v000001da000f7980_13 .array/port v000001da000f7980, 13;
E_000001da000b4f70/3 .event anyedge, v000001da000f7980_10, v000001da000f7980_11, v000001da000f7980_12, v000001da000f7980_13;
v000001da000f7980_14 .array/port v000001da000f7980, 14;
v000001da000f7980_15 .array/port v000001da000f7980, 15;
v000001da000f7980_16 .array/port v000001da000f7980, 16;
v000001da000f7980_17 .array/port v000001da000f7980, 17;
E_000001da000b4f70/4 .event anyedge, v000001da000f7980_14, v000001da000f7980_15, v000001da000f7980_16, v000001da000f7980_17;
v000001da000f7980_18 .array/port v000001da000f7980, 18;
v000001da000f7980_19 .array/port v000001da000f7980, 19;
v000001da000f7980_20 .array/port v000001da000f7980, 20;
v000001da000f7980_21 .array/port v000001da000f7980, 21;
E_000001da000b4f70/5 .event anyedge, v000001da000f7980_18, v000001da000f7980_19, v000001da000f7980_20, v000001da000f7980_21;
v000001da000f7980_22 .array/port v000001da000f7980, 22;
v000001da000f7980_23 .array/port v000001da000f7980, 23;
v000001da000f7980_24 .array/port v000001da000f7980, 24;
v000001da000f7980_25 .array/port v000001da000f7980, 25;
E_000001da000b4f70/6 .event anyedge, v000001da000f7980_22, v000001da000f7980_23, v000001da000f7980_24, v000001da000f7980_25;
v000001da000f7980_26 .array/port v000001da000f7980, 26;
v000001da000f7980_27 .array/port v000001da000f7980, 27;
v000001da000f7980_28 .array/port v000001da000f7980, 28;
v000001da000f7980_29 .array/port v000001da000f7980, 29;
E_000001da000b4f70/7 .event anyedge, v000001da000f7980_26, v000001da000f7980_27, v000001da000f7980_28, v000001da000f7980_29;
v000001da000f7980_30 .array/port v000001da000f7980, 30;
v000001da000f7980_31 .array/port v000001da000f7980, 31;
v000001da000f7980_32 .array/port v000001da000f7980, 32;
v000001da000f7980_33 .array/port v000001da000f7980, 33;
E_000001da000b4f70/8 .event anyedge, v000001da000f7980_30, v000001da000f7980_31, v000001da000f7980_32, v000001da000f7980_33;
v000001da000f7980_34 .array/port v000001da000f7980, 34;
v000001da000f7980_35 .array/port v000001da000f7980, 35;
v000001da000f7980_36 .array/port v000001da000f7980, 36;
v000001da000f7980_37 .array/port v000001da000f7980, 37;
E_000001da000b4f70/9 .event anyedge, v000001da000f7980_34, v000001da000f7980_35, v000001da000f7980_36, v000001da000f7980_37;
v000001da000f7980_38 .array/port v000001da000f7980, 38;
v000001da000f7980_39 .array/port v000001da000f7980, 39;
v000001da000f7980_40 .array/port v000001da000f7980, 40;
v000001da000f7980_41 .array/port v000001da000f7980, 41;
E_000001da000b4f70/10 .event anyedge, v000001da000f7980_38, v000001da000f7980_39, v000001da000f7980_40, v000001da000f7980_41;
v000001da000f7980_42 .array/port v000001da000f7980, 42;
v000001da000f7980_43 .array/port v000001da000f7980, 43;
v000001da000f7980_44 .array/port v000001da000f7980, 44;
v000001da000f7980_45 .array/port v000001da000f7980, 45;
E_000001da000b4f70/11 .event anyedge, v000001da000f7980_42, v000001da000f7980_43, v000001da000f7980_44, v000001da000f7980_45;
v000001da000f7980_46 .array/port v000001da000f7980, 46;
v000001da000f7980_47 .array/port v000001da000f7980, 47;
v000001da000f7980_48 .array/port v000001da000f7980, 48;
v000001da000f7980_49 .array/port v000001da000f7980, 49;
E_000001da000b4f70/12 .event anyedge, v000001da000f7980_46, v000001da000f7980_47, v000001da000f7980_48, v000001da000f7980_49;
v000001da000f7980_50 .array/port v000001da000f7980, 50;
v000001da000f7980_51 .array/port v000001da000f7980, 51;
v000001da000f7980_52 .array/port v000001da000f7980, 52;
v000001da000f7980_53 .array/port v000001da000f7980, 53;
E_000001da000b4f70/13 .event anyedge, v000001da000f7980_50, v000001da000f7980_51, v000001da000f7980_52, v000001da000f7980_53;
v000001da000f7980_54 .array/port v000001da000f7980, 54;
v000001da000f7980_55 .array/port v000001da000f7980, 55;
v000001da000f7980_56 .array/port v000001da000f7980, 56;
v000001da000f7980_57 .array/port v000001da000f7980, 57;
E_000001da000b4f70/14 .event anyedge, v000001da000f7980_54, v000001da000f7980_55, v000001da000f7980_56, v000001da000f7980_57;
v000001da000f7980_58 .array/port v000001da000f7980, 58;
v000001da000f7980_59 .array/port v000001da000f7980, 59;
v000001da000f7980_60 .array/port v000001da000f7980, 60;
v000001da000f7980_61 .array/port v000001da000f7980, 61;
E_000001da000b4f70/15 .event anyedge, v000001da000f7980_58, v000001da000f7980_59, v000001da000f7980_60, v000001da000f7980_61;
v000001da000f7980_62 .array/port v000001da000f7980, 62;
v000001da000f7980_63 .array/port v000001da000f7980, 63;
v000001da000f7980_64 .array/port v000001da000f7980, 64;
v000001da000f7980_65 .array/port v000001da000f7980, 65;
E_000001da000b4f70/16 .event anyedge, v000001da000f7980_62, v000001da000f7980_63, v000001da000f7980_64, v000001da000f7980_65;
v000001da000f7980_66 .array/port v000001da000f7980, 66;
v000001da000f7980_67 .array/port v000001da000f7980, 67;
v000001da000f7980_68 .array/port v000001da000f7980, 68;
v000001da000f7980_69 .array/port v000001da000f7980, 69;
E_000001da000b4f70/17 .event anyedge, v000001da000f7980_66, v000001da000f7980_67, v000001da000f7980_68, v000001da000f7980_69;
v000001da000f7980_70 .array/port v000001da000f7980, 70;
v000001da000f7980_71 .array/port v000001da000f7980, 71;
v000001da000f7980_72 .array/port v000001da000f7980, 72;
v000001da000f7980_73 .array/port v000001da000f7980, 73;
E_000001da000b4f70/18 .event anyedge, v000001da000f7980_70, v000001da000f7980_71, v000001da000f7980_72, v000001da000f7980_73;
v000001da000f7980_74 .array/port v000001da000f7980, 74;
v000001da000f7980_75 .array/port v000001da000f7980, 75;
v000001da000f7980_76 .array/port v000001da000f7980, 76;
v000001da000f7980_77 .array/port v000001da000f7980, 77;
E_000001da000b4f70/19 .event anyedge, v000001da000f7980_74, v000001da000f7980_75, v000001da000f7980_76, v000001da000f7980_77;
v000001da000f7980_78 .array/port v000001da000f7980, 78;
v000001da000f7980_79 .array/port v000001da000f7980, 79;
v000001da000f7980_80 .array/port v000001da000f7980, 80;
v000001da000f7980_81 .array/port v000001da000f7980, 81;
E_000001da000b4f70/20 .event anyedge, v000001da000f7980_78, v000001da000f7980_79, v000001da000f7980_80, v000001da000f7980_81;
v000001da000f7980_82 .array/port v000001da000f7980, 82;
v000001da000f7980_83 .array/port v000001da000f7980, 83;
v000001da000f7980_84 .array/port v000001da000f7980, 84;
v000001da000f7980_85 .array/port v000001da000f7980, 85;
E_000001da000b4f70/21 .event anyedge, v000001da000f7980_82, v000001da000f7980_83, v000001da000f7980_84, v000001da000f7980_85;
v000001da000f7980_86 .array/port v000001da000f7980, 86;
v000001da000f7980_87 .array/port v000001da000f7980, 87;
v000001da000f7980_88 .array/port v000001da000f7980, 88;
v000001da000f7980_89 .array/port v000001da000f7980, 89;
E_000001da000b4f70/22 .event anyedge, v000001da000f7980_86, v000001da000f7980_87, v000001da000f7980_88, v000001da000f7980_89;
v000001da000f7980_90 .array/port v000001da000f7980, 90;
v000001da000f7980_91 .array/port v000001da000f7980, 91;
v000001da000f7980_92 .array/port v000001da000f7980, 92;
v000001da000f7980_93 .array/port v000001da000f7980, 93;
E_000001da000b4f70/23 .event anyedge, v000001da000f7980_90, v000001da000f7980_91, v000001da000f7980_92, v000001da000f7980_93;
v000001da000f7980_94 .array/port v000001da000f7980, 94;
v000001da000f7980_95 .array/port v000001da000f7980, 95;
v000001da000f7980_96 .array/port v000001da000f7980, 96;
v000001da000f7980_97 .array/port v000001da000f7980, 97;
E_000001da000b4f70/24 .event anyedge, v000001da000f7980_94, v000001da000f7980_95, v000001da000f7980_96, v000001da000f7980_97;
v000001da000f7980_98 .array/port v000001da000f7980, 98;
v000001da000f7980_99 .array/port v000001da000f7980, 99;
v000001da000f7980_100 .array/port v000001da000f7980, 100;
v000001da000f7980_101 .array/port v000001da000f7980, 101;
E_000001da000b4f70/25 .event anyedge, v000001da000f7980_98, v000001da000f7980_99, v000001da000f7980_100, v000001da000f7980_101;
v000001da000f7980_102 .array/port v000001da000f7980, 102;
v000001da000f7980_103 .array/port v000001da000f7980, 103;
v000001da000f7980_104 .array/port v000001da000f7980, 104;
v000001da000f7980_105 .array/port v000001da000f7980, 105;
E_000001da000b4f70/26 .event anyedge, v000001da000f7980_102, v000001da000f7980_103, v000001da000f7980_104, v000001da000f7980_105;
v000001da000f7980_106 .array/port v000001da000f7980, 106;
v000001da000f7980_107 .array/port v000001da000f7980, 107;
v000001da000f7980_108 .array/port v000001da000f7980, 108;
v000001da000f7980_109 .array/port v000001da000f7980, 109;
E_000001da000b4f70/27 .event anyedge, v000001da000f7980_106, v000001da000f7980_107, v000001da000f7980_108, v000001da000f7980_109;
v000001da000f7980_110 .array/port v000001da000f7980, 110;
v000001da000f7980_111 .array/port v000001da000f7980, 111;
v000001da000f7980_112 .array/port v000001da000f7980, 112;
v000001da000f7980_113 .array/port v000001da000f7980, 113;
E_000001da000b4f70/28 .event anyedge, v000001da000f7980_110, v000001da000f7980_111, v000001da000f7980_112, v000001da000f7980_113;
v000001da000f7980_114 .array/port v000001da000f7980, 114;
v000001da000f7980_115 .array/port v000001da000f7980, 115;
v000001da000f7980_116 .array/port v000001da000f7980, 116;
v000001da000f7980_117 .array/port v000001da000f7980, 117;
E_000001da000b4f70/29 .event anyedge, v000001da000f7980_114, v000001da000f7980_115, v000001da000f7980_116, v000001da000f7980_117;
v000001da000f7980_118 .array/port v000001da000f7980, 118;
v000001da000f7980_119 .array/port v000001da000f7980, 119;
v000001da000f7980_120 .array/port v000001da000f7980, 120;
v000001da000f7980_121 .array/port v000001da000f7980, 121;
E_000001da000b4f70/30 .event anyedge, v000001da000f7980_118, v000001da000f7980_119, v000001da000f7980_120, v000001da000f7980_121;
v000001da000f7980_122 .array/port v000001da000f7980, 122;
v000001da000f7980_123 .array/port v000001da000f7980, 123;
v000001da000f7980_124 .array/port v000001da000f7980, 124;
v000001da000f7980_125 .array/port v000001da000f7980, 125;
E_000001da000b4f70/31 .event anyedge, v000001da000f7980_122, v000001da000f7980_123, v000001da000f7980_124, v000001da000f7980_125;
v000001da000f7980_126 .array/port v000001da000f7980, 126;
v000001da000f7980_127 .array/port v000001da000f7980, 127;
v000001da000f7980_128 .array/port v000001da000f7980, 128;
v000001da000f7980_129 .array/port v000001da000f7980, 129;
E_000001da000b4f70/32 .event anyedge, v000001da000f7980_126, v000001da000f7980_127, v000001da000f7980_128, v000001da000f7980_129;
v000001da000f7980_130 .array/port v000001da000f7980, 130;
v000001da000f7980_131 .array/port v000001da000f7980, 131;
v000001da000f7980_132 .array/port v000001da000f7980, 132;
v000001da000f7980_133 .array/port v000001da000f7980, 133;
E_000001da000b4f70/33 .event anyedge, v000001da000f7980_130, v000001da000f7980_131, v000001da000f7980_132, v000001da000f7980_133;
v000001da000f7980_134 .array/port v000001da000f7980, 134;
v000001da000f7980_135 .array/port v000001da000f7980, 135;
v000001da000f7980_136 .array/port v000001da000f7980, 136;
v000001da000f7980_137 .array/port v000001da000f7980, 137;
E_000001da000b4f70/34 .event anyedge, v000001da000f7980_134, v000001da000f7980_135, v000001da000f7980_136, v000001da000f7980_137;
v000001da000f7980_138 .array/port v000001da000f7980, 138;
v000001da000f7980_139 .array/port v000001da000f7980, 139;
v000001da000f7980_140 .array/port v000001da000f7980, 140;
v000001da000f7980_141 .array/port v000001da000f7980, 141;
E_000001da000b4f70/35 .event anyedge, v000001da000f7980_138, v000001da000f7980_139, v000001da000f7980_140, v000001da000f7980_141;
v000001da000f7980_142 .array/port v000001da000f7980, 142;
v000001da000f7980_143 .array/port v000001da000f7980, 143;
v000001da000f7980_144 .array/port v000001da000f7980, 144;
v000001da000f7980_145 .array/port v000001da000f7980, 145;
E_000001da000b4f70/36 .event anyedge, v000001da000f7980_142, v000001da000f7980_143, v000001da000f7980_144, v000001da000f7980_145;
v000001da000f7980_146 .array/port v000001da000f7980, 146;
v000001da000f7980_147 .array/port v000001da000f7980, 147;
v000001da000f7980_148 .array/port v000001da000f7980, 148;
v000001da000f7980_149 .array/port v000001da000f7980, 149;
E_000001da000b4f70/37 .event anyedge, v000001da000f7980_146, v000001da000f7980_147, v000001da000f7980_148, v000001da000f7980_149;
v000001da000f7980_150 .array/port v000001da000f7980, 150;
v000001da000f7980_151 .array/port v000001da000f7980, 151;
v000001da000f7980_152 .array/port v000001da000f7980, 152;
v000001da000f7980_153 .array/port v000001da000f7980, 153;
E_000001da000b4f70/38 .event anyedge, v000001da000f7980_150, v000001da000f7980_151, v000001da000f7980_152, v000001da000f7980_153;
v000001da000f7980_154 .array/port v000001da000f7980, 154;
v000001da000f7980_155 .array/port v000001da000f7980, 155;
v000001da000f7980_156 .array/port v000001da000f7980, 156;
v000001da000f7980_157 .array/port v000001da000f7980, 157;
E_000001da000b4f70/39 .event anyedge, v000001da000f7980_154, v000001da000f7980_155, v000001da000f7980_156, v000001da000f7980_157;
v000001da000f7980_158 .array/port v000001da000f7980, 158;
v000001da000f7980_159 .array/port v000001da000f7980, 159;
v000001da000f7980_160 .array/port v000001da000f7980, 160;
v000001da000f7980_161 .array/port v000001da000f7980, 161;
E_000001da000b4f70/40 .event anyedge, v000001da000f7980_158, v000001da000f7980_159, v000001da000f7980_160, v000001da000f7980_161;
v000001da000f7980_162 .array/port v000001da000f7980, 162;
v000001da000f7980_163 .array/port v000001da000f7980, 163;
v000001da000f7980_164 .array/port v000001da000f7980, 164;
v000001da000f7980_165 .array/port v000001da000f7980, 165;
E_000001da000b4f70/41 .event anyedge, v000001da000f7980_162, v000001da000f7980_163, v000001da000f7980_164, v000001da000f7980_165;
v000001da000f7980_166 .array/port v000001da000f7980, 166;
v000001da000f7980_167 .array/port v000001da000f7980, 167;
v000001da000f7980_168 .array/port v000001da000f7980, 168;
v000001da000f7980_169 .array/port v000001da000f7980, 169;
E_000001da000b4f70/42 .event anyedge, v000001da000f7980_166, v000001da000f7980_167, v000001da000f7980_168, v000001da000f7980_169;
v000001da000f7980_170 .array/port v000001da000f7980, 170;
v000001da000f7980_171 .array/port v000001da000f7980, 171;
v000001da000f7980_172 .array/port v000001da000f7980, 172;
v000001da000f7980_173 .array/port v000001da000f7980, 173;
E_000001da000b4f70/43 .event anyedge, v000001da000f7980_170, v000001da000f7980_171, v000001da000f7980_172, v000001da000f7980_173;
v000001da000f7980_174 .array/port v000001da000f7980, 174;
v000001da000f7980_175 .array/port v000001da000f7980, 175;
v000001da000f7980_176 .array/port v000001da000f7980, 176;
v000001da000f7980_177 .array/port v000001da000f7980, 177;
E_000001da000b4f70/44 .event anyedge, v000001da000f7980_174, v000001da000f7980_175, v000001da000f7980_176, v000001da000f7980_177;
v000001da000f7980_178 .array/port v000001da000f7980, 178;
v000001da000f7980_179 .array/port v000001da000f7980, 179;
v000001da000f7980_180 .array/port v000001da000f7980, 180;
v000001da000f7980_181 .array/port v000001da000f7980, 181;
E_000001da000b4f70/45 .event anyedge, v000001da000f7980_178, v000001da000f7980_179, v000001da000f7980_180, v000001da000f7980_181;
v000001da000f7980_182 .array/port v000001da000f7980, 182;
v000001da000f7980_183 .array/port v000001da000f7980, 183;
v000001da000f7980_184 .array/port v000001da000f7980, 184;
v000001da000f7980_185 .array/port v000001da000f7980, 185;
E_000001da000b4f70/46 .event anyedge, v000001da000f7980_182, v000001da000f7980_183, v000001da000f7980_184, v000001da000f7980_185;
v000001da000f7980_186 .array/port v000001da000f7980, 186;
v000001da000f7980_187 .array/port v000001da000f7980, 187;
v000001da000f7980_188 .array/port v000001da000f7980, 188;
v000001da000f7980_189 .array/port v000001da000f7980, 189;
E_000001da000b4f70/47 .event anyedge, v000001da000f7980_186, v000001da000f7980_187, v000001da000f7980_188, v000001da000f7980_189;
v000001da000f7980_190 .array/port v000001da000f7980, 190;
v000001da000f7980_191 .array/port v000001da000f7980, 191;
v000001da000f7980_192 .array/port v000001da000f7980, 192;
v000001da000f7980_193 .array/port v000001da000f7980, 193;
E_000001da000b4f70/48 .event anyedge, v000001da000f7980_190, v000001da000f7980_191, v000001da000f7980_192, v000001da000f7980_193;
v000001da000f7980_194 .array/port v000001da000f7980, 194;
v000001da000f7980_195 .array/port v000001da000f7980, 195;
v000001da000f7980_196 .array/port v000001da000f7980, 196;
v000001da000f7980_197 .array/port v000001da000f7980, 197;
E_000001da000b4f70/49 .event anyedge, v000001da000f7980_194, v000001da000f7980_195, v000001da000f7980_196, v000001da000f7980_197;
v000001da000f7980_198 .array/port v000001da000f7980, 198;
v000001da000f7980_199 .array/port v000001da000f7980, 199;
v000001da000f7980_200 .array/port v000001da000f7980, 200;
v000001da000f7980_201 .array/port v000001da000f7980, 201;
E_000001da000b4f70/50 .event anyedge, v000001da000f7980_198, v000001da000f7980_199, v000001da000f7980_200, v000001da000f7980_201;
v000001da000f7980_202 .array/port v000001da000f7980, 202;
v000001da000f7980_203 .array/port v000001da000f7980, 203;
v000001da000f7980_204 .array/port v000001da000f7980, 204;
v000001da000f7980_205 .array/port v000001da000f7980, 205;
E_000001da000b4f70/51 .event anyedge, v000001da000f7980_202, v000001da000f7980_203, v000001da000f7980_204, v000001da000f7980_205;
v000001da000f7980_206 .array/port v000001da000f7980, 206;
v000001da000f7980_207 .array/port v000001da000f7980, 207;
v000001da000f7980_208 .array/port v000001da000f7980, 208;
v000001da000f7980_209 .array/port v000001da000f7980, 209;
E_000001da000b4f70/52 .event anyedge, v000001da000f7980_206, v000001da000f7980_207, v000001da000f7980_208, v000001da000f7980_209;
v000001da000f7980_210 .array/port v000001da000f7980, 210;
v000001da000f7980_211 .array/port v000001da000f7980, 211;
v000001da000f7980_212 .array/port v000001da000f7980, 212;
v000001da000f7980_213 .array/port v000001da000f7980, 213;
E_000001da000b4f70/53 .event anyedge, v000001da000f7980_210, v000001da000f7980_211, v000001da000f7980_212, v000001da000f7980_213;
v000001da000f7980_214 .array/port v000001da000f7980, 214;
v000001da000f7980_215 .array/port v000001da000f7980, 215;
v000001da000f7980_216 .array/port v000001da000f7980, 216;
v000001da000f7980_217 .array/port v000001da000f7980, 217;
E_000001da000b4f70/54 .event anyedge, v000001da000f7980_214, v000001da000f7980_215, v000001da000f7980_216, v000001da000f7980_217;
v000001da000f7980_218 .array/port v000001da000f7980, 218;
v000001da000f7980_219 .array/port v000001da000f7980, 219;
v000001da000f7980_220 .array/port v000001da000f7980, 220;
v000001da000f7980_221 .array/port v000001da000f7980, 221;
E_000001da000b4f70/55 .event anyedge, v000001da000f7980_218, v000001da000f7980_219, v000001da000f7980_220, v000001da000f7980_221;
v000001da000f7980_222 .array/port v000001da000f7980, 222;
v000001da000f7980_223 .array/port v000001da000f7980, 223;
v000001da000f7980_224 .array/port v000001da000f7980, 224;
v000001da000f7980_225 .array/port v000001da000f7980, 225;
E_000001da000b4f70/56 .event anyedge, v000001da000f7980_222, v000001da000f7980_223, v000001da000f7980_224, v000001da000f7980_225;
v000001da000f7980_226 .array/port v000001da000f7980, 226;
v000001da000f7980_227 .array/port v000001da000f7980, 227;
v000001da000f7980_228 .array/port v000001da000f7980, 228;
v000001da000f7980_229 .array/port v000001da000f7980, 229;
E_000001da000b4f70/57 .event anyedge, v000001da000f7980_226, v000001da000f7980_227, v000001da000f7980_228, v000001da000f7980_229;
v000001da000f7980_230 .array/port v000001da000f7980, 230;
v000001da000f7980_231 .array/port v000001da000f7980, 231;
v000001da000f7980_232 .array/port v000001da000f7980, 232;
v000001da000f7980_233 .array/port v000001da000f7980, 233;
E_000001da000b4f70/58 .event anyedge, v000001da000f7980_230, v000001da000f7980_231, v000001da000f7980_232, v000001da000f7980_233;
v000001da000f7980_234 .array/port v000001da000f7980, 234;
v000001da000f7980_235 .array/port v000001da000f7980, 235;
v000001da000f7980_236 .array/port v000001da000f7980, 236;
v000001da000f7980_237 .array/port v000001da000f7980, 237;
E_000001da000b4f70/59 .event anyedge, v000001da000f7980_234, v000001da000f7980_235, v000001da000f7980_236, v000001da000f7980_237;
v000001da000f7980_238 .array/port v000001da000f7980, 238;
v000001da000f7980_239 .array/port v000001da000f7980, 239;
v000001da000f7980_240 .array/port v000001da000f7980, 240;
v000001da000f7980_241 .array/port v000001da000f7980, 241;
E_000001da000b4f70/60 .event anyedge, v000001da000f7980_238, v000001da000f7980_239, v000001da000f7980_240, v000001da000f7980_241;
v000001da000f7980_242 .array/port v000001da000f7980, 242;
v000001da000f7980_243 .array/port v000001da000f7980, 243;
v000001da000f7980_244 .array/port v000001da000f7980, 244;
v000001da000f7980_245 .array/port v000001da000f7980, 245;
E_000001da000b4f70/61 .event anyedge, v000001da000f7980_242, v000001da000f7980_243, v000001da000f7980_244, v000001da000f7980_245;
v000001da000f7980_246 .array/port v000001da000f7980, 246;
v000001da000f7980_247 .array/port v000001da000f7980, 247;
v000001da000f7980_248 .array/port v000001da000f7980, 248;
v000001da000f7980_249 .array/port v000001da000f7980, 249;
E_000001da000b4f70/62 .event anyedge, v000001da000f7980_246, v000001da000f7980_247, v000001da000f7980_248, v000001da000f7980_249;
v000001da000f7980_250 .array/port v000001da000f7980, 250;
v000001da000f7980_251 .array/port v000001da000f7980, 251;
v000001da000f7980_252 .array/port v000001da000f7980, 252;
v000001da000f7980_253 .array/port v000001da000f7980, 253;
E_000001da000b4f70/63 .event anyedge, v000001da000f7980_250, v000001da000f7980_251, v000001da000f7980_252, v000001da000f7980_253;
v000001da000f7980_254 .array/port v000001da000f7980, 254;
v000001da000f7980_255 .array/port v000001da000f7980, 255;
v000001da000f7980_256 .array/port v000001da000f7980, 256;
v000001da000f7980_257 .array/port v000001da000f7980, 257;
E_000001da000b4f70/64 .event anyedge, v000001da000f7980_254, v000001da000f7980_255, v000001da000f7980_256, v000001da000f7980_257;
v000001da000f7980_258 .array/port v000001da000f7980, 258;
v000001da000f7980_259 .array/port v000001da000f7980, 259;
v000001da000f7980_260 .array/port v000001da000f7980, 260;
v000001da000f7980_261 .array/port v000001da000f7980, 261;
E_000001da000b4f70/65 .event anyedge, v000001da000f7980_258, v000001da000f7980_259, v000001da000f7980_260, v000001da000f7980_261;
v000001da000f7980_262 .array/port v000001da000f7980, 262;
v000001da000f7980_263 .array/port v000001da000f7980, 263;
v000001da000f7980_264 .array/port v000001da000f7980, 264;
v000001da000f7980_265 .array/port v000001da000f7980, 265;
E_000001da000b4f70/66 .event anyedge, v000001da000f7980_262, v000001da000f7980_263, v000001da000f7980_264, v000001da000f7980_265;
v000001da000f7980_266 .array/port v000001da000f7980, 266;
v000001da000f7980_267 .array/port v000001da000f7980, 267;
v000001da000f7980_268 .array/port v000001da000f7980, 268;
v000001da000f7980_269 .array/port v000001da000f7980, 269;
E_000001da000b4f70/67 .event anyedge, v000001da000f7980_266, v000001da000f7980_267, v000001da000f7980_268, v000001da000f7980_269;
v000001da000f7980_270 .array/port v000001da000f7980, 270;
v000001da000f7980_271 .array/port v000001da000f7980, 271;
v000001da000f7980_272 .array/port v000001da000f7980, 272;
v000001da000f7980_273 .array/port v000001da000f7980, 273;
E_000001da000b4f70/68 .event anyedge, v000001da000f7980_270, v000001da000f7980_271, v000001da000f7980_272, v000001da000f7980_273;
v000001da000f7980_274 .array/port v000001da000f7980, 274;
v000001da000f7980_275 .array/port v000001da000f7980, 275;
v000001da000f7980_276 .array/port v000001da000f7980, 276;
v000001da000f7980_277 .array/port v000001da000f7980, 277;
E_000001da000b4f70/69 .event anyedge, v000001da000f7980_274, v000001da000f7980_275, v000001da000f7980_276, v000001da000f7980_277;
v000001da000f7980_278 .array/port v000001da000f7980, 278;
v000001da000f7980_279 .array/port v000001da000f7980, 279;
v000001da000f7980_280 .array/port v000001da000f7980, 280;
v000001da000f7980_281 .array/port v000001da000f7980, 281;
E_000001da000b4f70/70 .event anyedge, v000001da000f7980_278, v000001da000f7980_279, v000001da000f7980_280, v000001da000f7980_281;
v000001da000f7980_282 .array/port v000001da000f7980, 282;
v000001da000f7980_283 .array/port v000001da000f7980, 283;
v000001da000f7980_284 .array/port v000001da000f7980, 284;
v000001da000f7980_285 .array/port v000001da000f7980, 285;
E_000001da000b4f70/71 .event anyedge, v000001da000f7980_282, v000001da000f7980_283, v000001da000f7980_284, v000001da000f7980_285;
v000001da000f7980_286 .array/port v000001da000f7980, 286;
v000001da000f7980_287 .array/port v000001da000f7980, 287;
v000001da000f7980_288 .array/port v000001da000f7980, 288;
v000001da000f7980_289 .array/port v000001da000f7980, 289;
E_000001da000b4f70/72 .event anyedge, v000001da000f7980_286, v000001da000f7980_287, v000001da000f7980_288, v000001da000f7980_289;
v000001da000f7980_290 .array/port v000001da000f7980, 290;
v000001da000f7980_291 .array/port v000001da000f7980, 291;
v000001da000f7980_292 .array/port v000001da000f7980, 292;
v000001da000f7980_293 .array/port v000001da000f7980, 293;
E_000001da000b4f70/73 .event anyedge, v000001da000f7980_290, v000001da000f7980_291, v000001da000f7980_292, v000001da000f7980_293;
v000001da000f7980_294 .array/port v000001da000f7980, 294;
v000001da000f7980_295 .array/port v000001da000f7980, 295;
v000001da000f7980_296 .array/port v000001da000f7980, 296;
v000001da000f7980_297 .array/port v000001da000f7980, 297;
E_000001da000b4f70/74 .event anyedge, v000001da000f7980_294, v000001da000f7980_295, v000001da000f7980_296, v000001da000f7980_297;
v000001da000f7980_298 .array/port v000001da000f7980, 298;
v000001da000f7980_299 .array/port v000001da000f7980, 299;
v000001da000f7980_300 .array/port v000001da000f7980, 300;
v000001da000f7980_301 .array/port v000001da000f7980, 301;
E_000001da000b4f70/75 .event anyedge, v000001da000f7980_298, v000001da000f7980_299, v000001da000f7980_300, v000001da000f7980_301;
v000001da000f7980_302 .array/port v000001da000f7980, 302;
v000001da000f7980_303 .array/port v000001da000f7980, 303;
v000001da000f7980_304 .array/port v000001da000f7980, 304;
v000001da000f7980_305 .array/port v000001da000f7980, 305;
E_000001da000b4f70/76 .event anyedge, v000001da000f7980_302, v000001da000f7980_303, v000001da000f7980_304, v000001da000f7980_305;
v000001da000f7980_306 .array/port v000001da000f7980, 306;
v000001da000f7980_307 .array/port v000001da000f7980, 307;
v000001da000f7980_308 .array/port v000001da000f7980, 308;
v000001da000f7980_309 .array/port v000001da000f7980, 309;
E_000001da000b4f70/77 .event anyedge, v000001da000f7980_306, v000001da000f7980_307, v000001da000f7980_308, v000001da000f7980_309;
v000001da000f7980_310 .array/port v000001da000f7980, 310;
v000001da000f7980_311 .array/port v000001da000f7980, 311;
v000001da000f7980_312 .array/port v000001da000f7980, 312;
v000001da000f7980_313 .array/port v000001da000f7980, 313;
E_000001da000b4f70/78 .event anyedge, v000001da000f7980_310, v000001da000f7980_311, v000001da000f7980_312, v000001da000f7980_313;
v000001da000f7980_314 .array/port v000001da000f7980, 314;
v000001da000f7980_315 .array/port v000001da000f7980, 315;
v000001da000f7980_316 .array/port v000001da000f7980, 316;
v000001da000f7980_317 .array/port v000001da000f7980, 317;
E_000001da000b4f70/79 .event anyedge, v000001da000f7980_314, v000001da000f7980_315, v000001da000f7980_316, v000001da000f7980_317;
v000001da000f7980_318 .array/port v000001da000f7980, 318;
v000001da000f7980_319 .array/port v000001da000f7980, 319;
v000001da000f7980_320 .array/port v000001da000f7980, 320;
v000001da000f7980_321 .array/port v000001da000f7980, 321;
E_000001da000b4f70/80 .event anyedge, v000001da000f7980_318, v000001da000f7980_319, v000001da000f7980_320, v000001da000f7980_321;
v000001da000f7980_322 .array/port v000001da000f7980, 322;
v000001da000f7980_323 .array/port v000001da000f7980, 323;
v000001da000f7980_324 .array/port v000001da000f7980, 324;
v000001da000f7980_325 .array/port v000001da000f7980, 325;
E_000001da000b4f70/81 .event anyedge, v000001da000f7980_322, v000001da000f7980_323, v000001da000f7980_324, v000001da000f7980_325;
v000001da000f7980_326 .array/port v000001da000f7980, 326;
v000001da000f7980_327 .array/port v000001da000f7980, 327;
v000001da000f7980_328 .array/port v000001da000f7980, 328;
v000001da000f7980_329 .array/port v000001da000f7980, 329;
E_000001da000b4f70/82 .event anyedge, v000001da000f7980_326, v000001da000f7980_327, v000001da000f7980_328, v000001da000f7980_329;
v000001da000f7980_330 .array/port v000001da000f7980, 330;
v000001da000f7980_331 .array/port v000001da000f7980, 331;
v000001da000f7980_332 .array/port v000001da000f7980, 332;
v000001da000f7980_333 .array/port v000001da000f7980, 333;
E_000001da000b4f70/83 .event anyedge, v000001da000f7980_330, v000001da000f7980_331, v000001da000f7980_332, v000001da000f7980_333;
v000001da000f7980_334 .array/port v000001da000f7980, 334;
v000001da000f7980_335 .array/port v000001da000f7980, 335;
v000001da000f7980_336 .array/port v000001da000f7980, 336;
v000001da000f7980_337 .array/port v000001da000f7980, 337;
E_000001da000b4f70/84 .event anyedge, v000001da000f7980_334, v000001da000f7980_335, v000001da000f7980_336, v000001da000f7980_337;
v000001da000f7980_338 .array/port v000001da000f7980, 338;
v000001da000f7980_339 .array/port v000001da000f7980, 339;
v000001da000f7980_340 .array/port v000001da000f7980, 340;
v000001da000f7980_341 .array/port v000001da000f7980, 341;
E_000001da000b4f70/85 .event anyedge, v000001da000f7980_338, v000001da000f7980_339, v000001da000f7980_340, v000001da000f7980_341;
v000001da000f7980_342 .array/port v000001da000f7980, 342;
v000001da000f7980_343 .array/port v000001da000f7980, 343;
v000001da000f7980_344 .array/port v000001da000f7980, 344;
v000001da000f7980_345 .array/port v000001da000f7980, 345;
E_000001da000b4f70/86 .event anyedge, v000001da000f7980_342, v000001da000f7980_343, v000001da000f7980_344, v000001da000f7980_345;
v000001da000f7980_346 .array/port v000001da000f7980, 346;
v000001da000f7980_347 .array/port v000001da000f7980, 347;
v000001da000f7980_348 .array/port v000001da000f7980, 348;
v000001da000f7980_349 .array/port v000001da000f7980, 349;
E_000001da000b4f70/87 .event anyedge, v000001da000f7980_346, v000001da000f7980_347, v000001da000f7980_348, v000001da000f7980_349;
v000001da000f7980_350 .array/port v000001da000f7980, 350;
v000001da000f7980_351 .array/port v000001da000f7980, 351;
v000001da000f7980_352 .array/port v000001da000f7980, 352;
v000001da000f7980_353 .array/port v000001da000f7980, 353;
E_000001da000b4f70/88 .event anyedge, v000001da000f7980_350, v000001da000f7980_351, v000001da000f7980_352, v000001da000f7980_353;
v000001da000f7980_354 .array/port v000001da000f7980, 354;
v000001da000f7980_355 .array/port v000001da000f7980, 355;
v000001da000f7980_356 .array/port v000001da000f7980, 356;
v000001da000f7980_357 .array/port v000001da000f7980, 357;
E_000001da000b4f70/89 .event anyedge, v000001da000f7980_354, v000001da000f7980_355, v000001da000f7980_356, v000001da000f7980_357;
v000001da000f7980_358 .array/port v000001da000f7980, 358;
v000001da000f7980_359 .array/port v000001da000f7980, 359;
v000001da000f7980_360 .array/port v000001da000f7980, 360;
v000001da000f7980_361 .array/port v000001da000f7980, 361;
E_000001da000b4f70/90 .event anyedge, v000001da000f7980_358, v000001da000f7980_359, v000001da000f7980_360, v000001da000f7980_361;
v000001da000f7980_362 .array/port v000001da000f7980, 362;
v000001da000f7980_363 .array/port v000001da000f7980, 363;
v000001da000f7980_364 .array/port v000001da000f7980, 364;
v000001da000f7980_365 .array/port v000001da000f7980, 365;
E_000001da000b4f70/91 .event anyedge, v000001da000f7980_362, v000001da000f7980_363, v000001da000f7980_364, v000001da000f7980_365;
v000001da000f7980_366 .array/port v000001da000f7980, 366;
v000001da000f7980_367 .array/port v000001da000f7980, 367;
v000001da000f7980_368 .array/port v000001da000f7980, 368;
v000001da000f7980_369 .array/port v000001da000f7980, 369;
E_000001da000b4f70/92 .event anyedge, v000001da000f7980_366, v000001da000f7980_367, v000001da000f7980_368, v000001da000f7980_369;
v000001da000f7980_370 .array/port v000001da000f7980, 370;
v000001da000f7980_371 .array/port v000001da000f7980, 371;
v000001da000f7980_372 .array/port v000001da000f7980, 372;
v000001da000f7980_373 .array/port v000001da000f7980, 373;
E_000001da000b4f70/93 .event anyedge, v000001da000f7980_370, v000001da000f7980_371, v000001da000f7980_372, v000001da000f7980_373;
v000001da000f7980_374 .array/port v000001da000f7980, 374;
v000001da000f7980_375 .array/port v000001da000f7980, 375;
v000001da000f7980_376 .array/port v000001da000f7980, 376;
v000001da000f7980_377 .array/port v000001da000f7980, 377;
E_000001da000b4f70/94 .event anyedge, v000001da000f7980_374, v000001da000f7980_375, v000001da000f7980_376, v000001da000f7980_377;
v000001da000f7980_378 .array/port v000001da000f7980, 378;
v000001da000f7980_379 .array/port v000001da000f7980, 379;
v000001da000f7980_380 .array/port v000001da000f7980, 380;
v000001da000f7980_381 .array/port v000001da000f7980, 381;
E_000001da000b4f70/95 .event anyedge, v000001da000f7980_378, v000001da000f7980_379, v000001da000f7980_380, v000001da000f7980_381;
v000001da000f7980_382 .array/port v000001da000f7980, 382;
v000001da000f7980_383 .array/port v000001da000f7980, 383;
v000001da000f7980_384 .array/port v000001da000f7980, 384;
v000001da000f7980_385 .array/port v000001da000f7980, 385;
E_000001da000b4f70/96 .event anyedge, v000001da000f7980_382, v000001da000f7980_383, v000001da000f7980_384, v000001da000f7980_385;
v000001da000f7980_386 .array/port v000001da000f7980, 386;
v000001da000f7980_387 .array/port v000001da000f7980, 387;
v000001da000f7980_388 .array/port v000001da000f7980, 388;
v000001da000f7980_389 .array/port v000001da000f7980, 389;
E_000001da000b4f70/97 .event anyedge, v000001da000f7980_386, v000001da000f7980_387, v000001da000f7980_388, v000001da000f7980_389;
v000001da000f7980_390 .array/port v000001da000f7980, 390;
v000001da000f7980_391 .array/port v000001da000f7980, 391;
v000001da000f7980_392 .array/port v000001da000f7980, 392;
v000001da000f7980_393 .array/port v000001da000f7980, 393;
E_000001da000b4f70/98 .event anyedge, v000001da000f7980_390, v000001da000f7980_391, v000001da000f7980_392, v000001da000f7980_393;
v000001da000f7980_394 .array/port v000001da000f7980, 394;
v000001da000f7980_395 .array/port v000001da000f7980, 395;
v000001da000f7980_396 .array/port v000001da000f7980, 396;
v000001da000f7980_397 .array/port v000001da000f7980, 397;
E_000001da000b4f70/99 .event anyedge, v000001da000f7980_394, v000001da000f7980_395, v000001da000f7980_396, v000001da000f7980_397;
v000001da000f7980_398 .array/port v000001da000f7980, 398;
v000001da000f7980_399 .array/port v000001da000f7980, 399;
v000001da000f7980_400 .array/port v000001da000f7980, 400;
v000001da000f7980_401 .array/port v000001da000f7980, 401;
E_000001da000b4f70/100 .event anyedge, v000001da000f7980_398, v000001da000f7980_399, v000001da000f7980_400, v000001da000f7980_401;
v000001da000f7980_402 .array/port v000001da000f7980, 402;
v000001da000f7980_403 .array/port v000001da000f7980, 403;
v000001da000f7980_404 .array/port v000001da000f7980, 404;
v000001da000f7980_405 .array/port v000001da000f7980, 405;
E_000001da000b4f70/101 .event anyedge, v000001da000f7980_402, v000001da000f7980_403, v000001da000f7980_404, v000001da000f7980_405;
v000001da000f7980_406 .array/port v000001da000f7980, 406;
v000001da000f7980_407 .array/port v000001da000f7980, 407;
v000001da000f7980_408 .array/port v000001da000f7980, 408;
v000001da000f7980_409 .array/port v000001da000f7980, 409;
E_000001da000b4f70/102 .event anyedge, v000001da000f7980_406, v000001da000f7980_407, v000001da000f7980_408, v000001da000f7980_409;
v000001da000f7980_410 .array/port v000001da000f7980, 410;
v000001da000f7980_411 .array/port v000001da000f7980, 411;
v000001da000f7980_412 .array/port v000001da000f7980, 412;
v000001da000f7980_413 .array/port v000001da000f7980, 413;
E_000001da000b4f70/103 .event anyedge, v000001da000f7980_410, v000001da000f7980_411, v000001da000f7980_412, v000001da000f7980_413;
v000001da000f7980_414 .array/port v000001da000f7980, 414;
v000001da000f7980_415 .array/port v000001da000f7980, 415;
v000001da000f7980_416 .array/port v000001da000f7980, 416;
v000001da000f7980_417 .array/port v000001da000f7980, 417;
E_000001da000b4f70/104 .event anyedge, v000001da000f7980_414, v000001da000f7980_415, v000001da000f7980_416, v000001da000f7980_417;
v000001da000f7980_418 .array/port v000001da000f7980, 418;
v000001da000f7980_419 .array/port v000001da000f7980, 419;
v000001da000f7980_420 .array/port v000001da000f7980, 420;
v000001da000f7980_421 .array/port v000001da000f7980, 421;
E_000001da000b4f70/105 .event anyedge, v000001da000f7980_418, v000001da000f7980_419, v000001da000f7980_420, v000001da000f7980_421;
v000001da000f7980_422 .array/port v000001da000f7980, 422;
v000001da000f7980_423 .array/port v000001da000f7980, 423;
v000001da000f7980_424 .array/port v000001da000f7980, 424;
v000001da000f7980_425 .array/port v000001da000f7980, 425;
E_000001da000b4f70/106 .event anyedge, v000001da000f7980_422, v000001da000f7980_423, v000001da000f7980_424, v000001da000f7980_425;
v000001da000f7980_426 .array/port v000001da000f7980, 426;
v000001da000f7980_427 .array/port v000001da000f7980, 427;
v000001da000f7980_428 .array/port v000001da000f7980, 428;
v000001da000f7980_429 .array/port v000001da000f7980, 429;
E_000001da000b4f70/107 .event anyedge, v000001da000f7980_426, v000001da000f7980_427, v000001da000f7980_428, v000001da000f7980_429;
v000001da000f7980_430 .array/port v000001da000f7980, 430;
v000001da000f7980_431 .array/port v000001da000f7980, 431;
v000001da000f7980_432 .array/port v000001da000f7980, 432;
v000001da000f7980_433 .array/port v000001da000f7980, 433;
E_000001da000b4f70/108 .event anyedge, v000001da000f7980_430, v000001da000f7980_431, v000001da000f7980_432, v000001da000f7980_433;
v000001da000f7980_434 .array/port v000001da000f7980, 434;
v000001da000f7980_435 .array/port v000001da000f7980, 435;
v000001da000f7980_436 .array/port v000001da000f7980, 436;
v000001da000f7980_437 .array/port v000001da000f7980, 437;
E_000001da000b4f70/109 .event anyedge, v000001da000f7980_434, v000001da000f7980_435, v000001da000f7980_436, v000001da000f7980_437;
v000001da000f7980_438 .array/port v000001da000f7980, 438;
v000001da000f7980_439 .array/port v000001da000f7980, 439;
v000001da000f7980_440 .array/port v000001da000f7980, 440;
v000001da000f7980_441 .array/port v000001da000f7980, 441;
E_000001da000b4f70/110 .event anyedge, v000001da000f7980_438, v000001da000f7980_439, v000001da000f7980_440, v000001da000f7980_441;
v000001da000f7980_442 .array/port v000001da000f7980, 442;
v000001da000f7980_443 .array/port v000001da000f7980, 443;
v000001da000f7980_444 .array/port v000001da000f7980, 444;
v000001da000f7980_445 .array/port v000001da000f7980, 445;
E_000001da000b4f70/111 .event anyedge, v000001da000f7980_442, v000001da000f7980_443, v000001da000f7980_444, v000001da000f7980_445;
v000001da000f7980_446 .array/port v000001da000f7980, 446;
v000001da000f7980_447 .array/port v000001da000f7980, 447;
v000001da000f7980_448 .array/port v000001da000f7980, 448;
v000001da000f7980_449 .array/port v000001da000f7980, 449;
E_000001da000b4f70/112 .event anyedge, v000001da000f7980_446, v000001da000f7980_447, v000001da000f7980_448, v000001da000f7980_449;
v000001da000f7980_450 .array/port v000001da000f7980, 450;
v000001da000f7980_451 .array/port v000001da000f7980, 451;
v000001da000f7980_452 .array/port v000001da000f7980, 452;
v000001da000f7980_453 .array/port v000001da000f7980, 453;
E_000001da000b4f70/113 .event anyedge, v000001da000f7980_450, v000001da000f7980_451, v000001da000f7980_452, v000001da000f7980_453;
v000001da000f7980_454 .array/port v000001da000f7980, 454;
v000001da000f7980_455 .array/port v000001da000f7980, 455;
v000001da000f7980_456 .array/port v000001da000f7980, 456;
v000001da000f7980_457 .array/port v000001da000f7980, 457;
E_000001da000b4f70/114 .event anyedge, v000001da000f7980_454, v000001da000f7980_455, v000001da000f7980_456, v000001da000f7980_457;
v000001da000f7980_458 .array/port v000001da000f7980, 458;
v000001da000f7980_459 .array/port v000001da000f7980, 459;
v000001da000f7980_460 .array/port v000001da000f7980, 460;
v000001da000f7980_461 .array/port v000001da000f7980, 461;
E_000001da000b4f70/115 .event anyedge, v000001da000f7980_458, v000001da000f7980_459, v000001da000f7980_460, v000001da000f7980_461;
v000001da000f7980_462 .array/port v000001da000f7980, 462;
v000001da000f7980_463 .array/port v000001da000f7980, 463;
v000001da000f7980_464 .array/port v000001da000f7980, 464;
v000001da000f7980_465 .array/port v000001da000f7980, 465;
E_000001da000b4f70/116 .event anyedge, v000001da000f7980_462, v000001da000f7980_463, v000001da000f7980_464, v000001da000f7980_465;
v000001da000f7980_466 .array/port v000001da000f7980, 466;
v000001da000f7980_467 .array/port v000001da000f7980, 467;
v000001da000f7980_468 .array/port v000001da000f7980, 468;
v000001da000f7980_469 .array/port v000001da000f7980, 469;
E_000001da000b4f70/117 .event anyedge, v000001da000f7980_466, v000001da000f7980_467, v000001da000f7980_468, v000001da000f7980_469;
v000001da000f7980_470 .array/port v000001da000f7980, 470;
v000001da000f7980_471 .array/port v000001da000f7980, 471;
v000001da000f7980_472 .array/port v000001da000f7980, 472;
v000001da000f7980_473 .array/port v000001da000f7980, 473;
E_000001da000b4f70/118 .event anyedge, v000001da000f7980_470, v000001da000f7980_471, v000001da000f7980_472, v000001da000f7980_473;
v000001da000f7980_474 .array/port v000001da000f7980, 474;
v000001da000f7980_475 .array/port v000001da000f7980, 475;
v000001da000f7980_476 .array/port v000001da000f7980, 476;
v000001da000f7980_477 .array/port v000001da000f7980, 477;
E_000001da000b4f70/119 .event anyedge, v000001da000f7980_474, v000001da000f7980_475, v000001da000f7980_476, v000001da000f7980_477;
v000001da000f7980_478 .array/port v000001da000f7980, 478;
v000001da000f7980_479 .array/port v000001da000f7980, 479;
v000001da000f7980_480 .array/port v000001da000f7980, 480;
v000001da000f7980_481 .array/port v000001da000f7980, 481;
E_000001da000b4f70/120 .event anyedge, v000001da000f7980_478, v000001da000f7980_479, v000001da000f7980_480, v000001da000f7980_481;
v000001da000f7980_482 .array/port v000001da000f7980, 482;
v000001da000f7980_483 .array/port v000001da000f7980, 483;
v000001da000f7980_484 .array/port v000001da000f7980, 484;
v000001da000f7980_485 .array/port v000001da000f7980, 485;
E_000001da000b4f70/121 .event anyedge, v000001da000f7980_482, v000001da000f7980_483, v000001da000f7980_484, v000001da000f7980_485;
v000001da000f7980_486 .array/port v000001da000f7980, 486;
v000001da000f7980_487 .array/port v000001da000f7980, 487;
v000001da000f7980_488 .array/port v000001da000f7980, 488;
v000001da000f7980_489 .array/port v000001da000f7980, 489;
E_000001da000b4f70/122 .event anyedge, v000001da000f7980_486, v000001da000f7980_487, v000001da000f7980_488, v000001da000f7980_489;
v000001da000f7980_490 .array/port v000001da000f7980, 490;
v000001da000f7980_491 .array/port v000001da000f7980, 491;
v000001da000f7980_492 .array/port v000001da000f7980, 492;
v000001da000f7980_493 .array/port v000001da000f7980, 493;
E_000001da000b4f70/123 .event anyedge, v000001da000f7980_490, v000001da000f7980_491, v000001da000f7980_492, v000001da000f7980_493;
v000001da000f7980_494 .array/port v000001da000f7980, 494;
v000001da000f7980_495 .array/port v000001da000f7980, 495;
v000001da000f7980_496 .array/port v000001da000f7980, 496;
v000001da000f7980_497 .array/port v000001da000f7980, 497;
E_000001da000b4f70/124 .event anyedge, v000001da000f7980_494, v000001da000f7980_495, v000001da000f7980_496, v000001da000f7980_497;
v000001da000f7980_498 .array/port v000001da000f7980, 498;
v000001da000f7980_499 .array/port v000001da000f7980, 499;
v000001da000f7980_500 .array/port v000001da000f7980, 500;
v000001da000f7980_501 .array/port v000001da000f7980, 501;
E_000001da000b4f70/125 .event anyedge, v000001da000f7980_498, v000001da000f7980_499, v000001da000f7980_500, v000001da000f7980_501;
v000001da000f7980_502 .array/port v000001da000f7980, 502;
v000001da000f7980_503 .array/port v000001da000f7980, 503;
v000001da000f7980_504 .array/port v000001da000f7980, 504;
v000001da000f7980_505 .array/port v000001da000f7980, 505;
E_000001da000b4f70/126 .event anyedge, v000001da000f7980_502, v000001da000f7980_503, v000001da000f7980_504, v000001da000f7980_505;
v000001da000f7980_506 .array/port v000001da000f7980, 506;
v000001da000f7980_507 .array/port v000001da000f7980, 507;
v000001da000f7980_508 .array/port v000001da000f7980, 508;
v000001da000f7980_509 .array/port v000001da000f7980, 509;
E_000001da000b4f70/127 .event anyedge, v000001da000f7980_506, v000001da000f7980_507, v000001da000f7980_508, v000001da000f7980_509;
v000001da000f7980_510 .array/port v000001da000f7980, 510;
v000001da000f7980_511 .array/port v000001da000f7980, 511;
v000001da000f7980_512 .array/port v000001da000f7980, 512;
v000001da000f7980_513 .array/port v000001da000f7980, 513;
E_000001da000b4f70/128 .event anyedge, v000001da000f7980_510, v000001da000f7980_511, v000001da000f7980_512, v000001da000f7980_513;
v000001da000f7980_514 .array/port v000001da000f7980, 514;
v000001da000f7980_515 .array/port v000001da000f7980, 515;
v000001da000f7980_516 .array/port v000001da000f7980, 516;
v000001da000f7980_517 .array/port v000001da000f7980, 517;
E_000001da000b4f70/129 .event anyedge, v000001da000f7980_514, v000001da000f7980_515, v000001da000f7980_516, v000001da000f7980_517;
v000001da000f7980_518 .array/port v000001da000f7980, 518;
v000001da000f7980_519 .array/port v000001da000f7980, 519;
v000001da000f7980_520 .array/port v000001da000f7980, 520;
v000001da000f7980_521 .array/port v000001da000f7980, 521;
E_000001da000b4f70/130 .event anyedge, v000001da000f7980_518, v000001da000f7980_519, v000001da000f7980_520, v000001da000f7980_521;
v000001da000f7980_522 .array/port v000001da000f7980, 522;
v000001da000f7980_523 .array/port v000001da000f7980, 523;
v000001da000f7980_524 .array/port v000001da000f7980, 524;
v000001da000f7980_525 .array/port v000001da000f7980, 525;
E_000001da000b4f70/131 .event anyedge, v000001da000f7980_522, v000001da000f7980_523, v000001da000f7980_524, v000001da000f7980_525;
v000001da000f7980_526 .array/port v000001da000f7980, 526;
v000001da000f7980_527 .array/port v000001da000f7980, 527;
v000001da000f7980_528 .array/port v000001da000f7980, 528;
v000001da000f7980_529 .array/port v000001da000f7980, 529;
E_000001da000b4f70/132 .event anyedge, v000001da000f7980_526, v000001da000f7980_527, v000001da000f7980_528, v000001da000f7980_529;
v000001da000f7980_530 .array/port v000001da000f7980, 530;
v000001da000f7980_531 .array/port v000001da000f7980, 531;
v000001da000f7980_532 .array/port v000001da000f7980, 532;
v000001da000f7980_533 .array/port v000001da000f7980, 533;
E_000001da000b4f70/133 .event anyedge, v000001da000f7980_530, v000001da000f7980_531, v000001da000f7980_532, v000001da000f7980_533;
v000001da000f7980_534 .array/port v000001da000f7980, 534;
v000001da000f7980_535 .array/port v000001da000f7980, 535;
v000001da000f7980_536 .array/port v000001da000f7980, 536;
v000001da000f7980_537 .array/port v000001da000f7980, 537;
E_000001da000b4f70/134 .event anyedge, v000001da000f7980_534, v000001da000f7980_535, v000001da000f7980_536, v000001da000f7980_537;
v000001da000f7980_538 .array/port v000001da000f7980, 538;
v000001da000f7980_539 .array/port v000001da000f7980, 539;
v000001da000f7980_540 .array/port v000001da000f7980, 540;
v000001da000f7980_541 .array/port v000001da000f7980, 541;
E_000001da000b4f70/135 .event anyedge, v000001da000f7980_538, v000001da000f7980_539, v000001da000f7980_540, v000001da000f7980_541;
v000001da000f7980_542 .array/port v000001da000f7980, 542;
v000001da000f7980_543 .array/port v000001da000f7980, 543;
v000001da000f7980_544 .array/port v000001da000f7980, 544;
v000001da000f7980_545 .array/port v000001da000f7980, 545;
E_000001da000b4f70/136 .event anyedge, v000001da000f7980_542, v000001da000f7980_543, v000001da000f7980_544, v000001da000f7980_545;
v000001da000f7980_546 .array/port v000001da000f7980, 546;
v000001da000f7980_547 .array/port v000001da000f7980, 547;
v000001da000f7980_548 .array/port v000001da000f7980, 548;
v000001da000f7980_549 .array/port v000001da000f7980, 549;
E_000001da000b4f70/137 .event anyedge, v000001da000f7980_546, v000001da000f7980_547, v000001da000f7980_548, v000001da000f7980_549;
v000001da000f7980_550 .array/port v000001da000f7980, 550;
v000001da000f7980_551 .array/port v000001da000f7980, 551;
v000001da000f7980_552 .array/port v000001da000f7980, 552;
v000001da000f7980_553 .array/port v000001da000f7980, 553;
E_000001da000b4f70/138 .event anyedge, v000001da000f7980_550, v000001da000f7980_551, v000001da000f7980_552, v000001da000f7980_553;
v000001da000f7980_554 .array/port v000001da000f7980, 554;
v000001da000f7980_555 .array/port v000001da000f7980, 555;
v000001da000f7980_556 .array/port v000001da000f7980, 556;
v000001da000f7980_557 .array/port v000001da000f7980, 557;
E_000001da000b4f70/139 .event anyedge, v000001da000f7980_554, v000001da000f7980_555, v000001da000f7980_556, v000001da000f7980_557;
v000001da000f7980_558 .array/port v000001da000f7980, 558;
v000001da000f7980_559 .array/port v000001da000f7980, 559;
v000001da000f7980_560 .array/port v000001da000f7980, 560;
v000001da000f7980_561 .array/port v000001da000f7980, 561;
E_000001da000b4f70/140 .event anyedge, v000001da000f7980_558, v000001da000f7980_559, v000001da000f7980_560, v000001da000f7980_561;
v000001da000f7980_562 .array/port v000001da000f7980, 562;
v000001da000f7980_563 .array/port v000001da000f7980, 563;
v000001da000f7980_564 .array/port v000001da000f7980, 564;
v000001da000f7980_565 .array/port v000001da000f7980, 565;
E_000001da000b4f70/141 .event anyedge, v000001da000f7980_562, v000001da000f7980_563, v000001da000f7980_564, v000001da000f7980_565;
v000001da000f7980_566 .array/port v000001da000f7980, 566;
v000001da000f7980_567 .array/port v000001da000f7980, 567;
v000001da000f7980_568 .array/port v000001da000f7980, 568;
v000001da000f7980_569 .array/port v000001da000f7980, 569;
E_000001da000b4f70/142 .event anyedge, v000001da000f7980_566, v000001da000f7980_567, v000001da000f7980_568, v000001da000f7980_569;
v000001da000f7980_570 .array/port v000001da000f7980, 570;
v000001da000f7980_571 .array/port v000001da000f7980, 571;
v000001da000f7980_572 .array/port v000001da000f7980, 572;
v000001da000f7980_573 .array/port v000001da000f7980, 573;
E_000001da000b4f70/143 .event anyedge, v000001da000f7980_570, v000001da000f7980_571, v000001da000f7980_572, v000001da000f7980_573;
v000001da000f7980_574 .array/port v000001da000f7980, 574;
v000001da000f7980_575 .array/port v000001da000f7980, 575;
v000001da000f7980_576 .array/port v000001da000f7980, 576;
v000001da000f7980_577 .array/port v000001da000f7980, 577;
E_000001da000b4f70/144 .event anyedge, v000001da000f7980_574, v000001da000f7980_575, v000001da000f7980_576, v000001da000f7980_577;
v000001da000f7980_578 .array/port v000001da000f7980, 578;
v000001da000f7980_579 .array/port v000001da000f7980, 579;
v000001da000f7980_580 .array/port v000001da000f7980, 580;
v000001da000f7980_581 .array/port v000001da000f7980, 581;
E_000001da000b4f70/145 .event anyedge, v000001da000f7980_578, v000001da000f7980_579, v000001da000f7980_580, v000001da000f7980_581;
v000001da000f7980_582 .array/port v000001da000f7980, 582;
v000001da000f7980_583 .array/port v000001da000f7980, 583;
v000001da000f7980_584 .array/port v000001da000f7980, 584;
v000001da000f7980_585 .array/port v000001da000f7980, 585;
E_000001da000b4f70/146 .event anyedge, v000001da000f7980_582, v000001da000f7980_583, v000001da000f7980_584, v000001da000f7980_585;
v000001da000f7980_586 .array/port v000001da000f7980, 586;
v000001da000f7980_587 .array/port v000001da000f7980, 587;
v000001da000f7980_588 .array/port v000001da000f7980, 588;
v000001da000f7980_589 .array/port v000001da000f7980, 589;
E_000001da000b4f70/147 .event anyedge, v000001da000f7980_586, v000001da000f7980_587, v000001da000f7980_588, v000001da000f7980_589;
v000001da000f7980_590 .array/port v000001da000f7980, 590;
v000001da000f7980_591 .array/port v000001da000f7980, 591;
v000001da000f7980_592 .array/port v000001da000f7980, 592;
v000001da000f7980_593 .array/port v000001da000f7980, 593;
E_000001da000b4f70/148 .event anyedge, v000001da000f7980_590, v000001da000f7980_591, v000001da000f7980_592, v000001da000f7980_593;
v000001da000f7980_594 .array/port v000001da000f7980, 594;
v000001da000f7980_595 .array/port v000001da000f7980, 595;
v000001da000f7980_596 .array/port v000001da000f7980, 596;
v000001da000f7980_597 .array/port v000001da000f7980, 597;
E_000001da000b4f70/149 .event anyedge, v000001da000f7980_594, v000001da000f7980_595, v000001da000f7980_596, v000001da000f7980_597;
v000001da000f7980_598 .array/port v000001da000f7980, 598;
v000001da000f7980_599 .array/port v000001da000f7980, 599;
v000001da000f7980_600 .array/port v000001da000f7980, 600;
v000001da000f7980_601 .array/port v000001da000f7980, 601;
E_000001da000b4f70/150 .event anyedge, v000001da000f7980_598, v000001da000f7980_599, v000001da000f7980_600, v000001da000f7980_601;
v000001da000f7980_602 .array/port v000001da000f7980, 602;
v000001da000f7980_603 .array/port v000001da000f7980, 603;
v000001da000f7980_604 .array/port v000001da000f7980, 604;
v000001da000f7980_605 .array/port v000001da000f7980, 605;
E_000001da000b4f70/151 .event anyedge, v000001da000f7980_602, v000001da000f7980_603, v000001da000f7980_604, v000001da000f7980_605;
v000001da000f7980_606 .array/port v000001da000f7980, 606;
v000001da000f7980_607 .array/port v000001da000f7980, 607;
v000001da000f7980_608 .array/port v000001da000f7980, 608;
v000001da000f7980_609 .array/port v000001da000f7980, 609;
E_000001da000b4f70/152 .event anyedge, v000001da000f7980_606, v000001da000f7980_607, v000001da000f7980_608, v000001da000f7980_609;
v000001da000f7980_610 .array/port v000001da000f7980, 610;
v000001da000f7980_611 .array/port v000001da000f7980, 611;
v000001da000f7980_612 .array/port v000001da000f7980, 612;
v000001da000f7980_613 .array/port v000001da000f7980, 613;
E_000001da000b4f70/153 .event anyedge, v000001da000f7980_610, v000001da000f7980_611, v000001da000f7980_612, v000001da000f7980_613;
v000001da000f7980_614 .array/port v000001da000f7980, 614;
v000001da000f7980_615 .array/port v000001da000f7980, 615;
v000001da000f7980_616 .array/port v000001da000f7980, 616;
v000001da000f7980_617 .array/port v000001da000f7980, 617;
E_000001da000b4f70/154 .event anyedge, v000001da000f7980_614, v000001da000f7980_615, v000001da000f7980_616, v000001da000f7980_617;
v000001da000f7980_618 .array/port v000001da000f7980, 618;
v000001da000f7980_619 .array/port v000001da000f7980, 619;
v000001da000f7980_620 .array/port v000001da000f7980, 620;
v000001da000f7980_621 .array/port v000001da000f7980, 621;
E_000001da000b4f70/155 .event anyedge, v000001da000f7980_618, v000001da000f7980_619, v000001da000f7980_620, v000001da000f7980_621;
v000001da000f7980_622 .array/port v000001da000f7980, 622;
v000001da000f7980_623 .array/port v000001da000f7980, 623;
v000001da000f7980_624 .array/port v000001da000f7980, 624;
v000001da000f7980_625 .array/port v000001da000f7980, 625;
E_000001da000b4f70/156 .event anyedge, v000001da000f7980_622, v000001da000f7980_623, v000001da000f7980_624, v000001da000f7980_625;
v000001da000f7980_626 .array/port v000001da000f7980, 626;
v000001da000f7980_627 .array/port v000001da000f7980, 627;
v000001da000f7980_628 .array/port v000001da000f7980, 628;
v000001da000f7980_629 .array/port v000001da000f7980, 629;
E_000001da000b4f70/157 .event anyedge, v000001da000f7980_626, v000001da000f7980_627, v000001da000f7980_628, v000001da000f7980_629;
v000001da000f7980_630 .array/port v000001da000f7980, 630;
v000001da000f7980_631 .array/port v000001da000f7980, 631;
v000001da000f7980_632 .array/port v000001da000f7980, 632;
v000001da000f7980_633 .array/port v000001da000f7980, 633;
E_000001da000b4f70/158 .event anyedge, v000001da000f7980_630, v000001da000f7980_631, v000001da000f7980_632, v000001da000f7980_633;
v000001da000f7980_634 .array/port v000001da000f7980, 634;
v000001da000f7980_635 .array/port v000001da000f7980, 635;
v000001da000f7980_636 .array/port v000001da000f7980, 636;
v000001da000f7980_637 .array/port v000001da000f7980, 637;
E_000001da000b4f70/159 .event anyedge, v000001da000f7980_634, v000001da000f7980_635, v000001da000f7980_636, v000001da000f7980_637;
v000001da000f7980_638 .array/port v000001da000f7980, 638;
v000001da000f7980_639 .array/port v000001da000f7980, 639;
v000001da000f7980_640 .array/port v000001da000f7980, 640;
v000001da000f7980_641 .array/port v000001da000f7980, 641;
E_000001da000b4f70/160 .event anyedge, v000001da000f7980_638, v000001da000f7980_639, v000001da000f7980_640, v000001da000f7980_641;
v000001da000f7980_642 .array/port v000001da000f7980, 642;
v000001da000f7980_643 .array/port v000001da000f7980, 643;
v000001da000f7980_644 .array/port v000001da000f7980, 644;
v000001da000f7980_645 .array/port v000001da000f7980, 645;
E_000001da000b4f70/161 .event anyedge, v000001da000f7980_642, v000001da000f7980_643, v000001da000f7980_644, v000001da000f7980_645;
v000001da000f7980_646 .array/port v000001da000f7980, 646;
v000001da000f7980_647 .array/port v000001da000f7980, 647;
v000001da000f7980_648 .array/port v000001da000f7980, 648;
v000001da000f7980_649 .array/port v000001da000f7980, 649;
E_000001da000b4f70/162 .event anyedge, v000001da000f7980_646, v000001da000f7980_647, v000001da000f7980_648, v000001da000f7980_649;
v000001da000f7980_650 .array/port v000001da000f7980, 650;
v000001da000f7980_651 .array/port v000001da000f7980, 651;
v000001da000f7980_652 .array/port v000001da000f7980, 652;
v000001da000f7980_653 .array/port v000001da000f7980, 653;
E_000001da000b4f70/163 .event anyedge, v000001da000f7980_650, v000001da000f7980_651, v000001da000f7980_652, v000001da000f7980_653;
v000001da000f7980_654 .array/port v000001da000f7980, 654;
v000001da000f7980_655 .array/port v000001da000f7980, 655;
v000001da000f7980_656 .array/port v000001da000f7980, 656;
v000001da000f7980_657 .array/port v000001da000f7980, 657;
E_000001da000b4f70/164 .event anyedge, v000001da000f7980_654, v000001da000f7980_655, v000001da000f7980_656, v000001da000f7980_657;
v000001da000f7980_658 .array/port v000001da000f7980, 658;
v000001da000f7980_659 .array/port v000001da000f7980, 659;
v000001da000f7980_660 .array/port v000001da000f7980, 660;
v000001da000f7980_661 .array/port v000001da000f7980, 661;
E_000001da000b4f70/165 .event anyedge, v000001da000f7980_658, v000001da000f7980_659, v000001da000f7980_660, v000001da000f7980_661;
v000001da000f7980_662 .array/port v000001da000f7980, 662;
v000001da000f7980_663 .array/port v000001da000f7980, 663;
v000001da000f7980_664 .array/port v000001da000f7980, 664;
v000001da000f7980_665 .array/port v000001da000f7980, 665;
E_000001da000b4f70/166 .event anyedge, v000001da000f7980_662, v000001da000f7980_663, v000001da000f7980_664, v000001da000f7980_665;
v000001da000f7980_666 .array/port v000001da000f7980, 666;
v000001da000f7980_667 .array/port v000001da000f7980, 667;
v000001da000f7980_668 .array/port v000001da000f7980, 668;
v000001da000f7980_669 .array/port v000001da000f7980, 669;
E_000001da000b4f70/167 .event anyedge, v000001da000f7980_666, v000001da000f7980_667, v000001da000f7980_668, v000001da000f7980_669;
v000001da000f7980_670 .array/port v000001da000f7980, 670;
v000001da000f7980_671 .array/port v000001da000f7980, 671;
v000001da000f7980_672 .array/port v000001da000f7980, 672;
v000001da000f7980_673 .array/port v000001da000f7980, 673;
E_000001da000b4f70/168 .event anyedge, v000001da000f7980_670, v000001da000f7980_671, v000001da000f7980_672, v000001da000f7980_673;
v000001da000f7980_674 .array/port v000001da000f7980, 674;
v000001da000f7980_675 .array/port v000001da000f7980, 675;
v000001da000f7980_676 .array/port v000001da000f7980, 676;
v000001da000f7980_677 .array/port v000001da000f7980, 677;
E_000001da000b4f70/169 .event anyedge, v000001da000f7980_674, v000001da000f7980_675, v000001da000f7980_676, v000001da000f7980_677;
v000001da000f7980_678 .array/port v000001da000f7980, 678;
v000001da000f7980_679 .array/port v000001da000f7980, 679;
v000001da000f7980_680 .array/port v000001da000f7980, 680;
v000001da000f7980_681 .array/port v000001da000f7980, 681;
E_000001da000b4f70/170 .event anyedge, v000001da000f7980_678, v000001da000f7980_679, v000001da000f7980_680, v000001da000f7980_681;
v000001da000f7980_682 .array/port v000001da000f7980, 682;
v000001da000f7980_683 .array/port v000001da000f7980, 683;
v000001da000f7980_684 .array/port v000001da000f7980, 684;
v000001da000f7980_685 .array/port v000001da000f7980, 685;
E_000001da000b4f70/171 .event anyedge, v000001da000f7980_682, v000001da000f7980_683, v000001da000f7980_684, v000001da000f7980_685;
v000001da000f7980_686 .array/port v000001da000f7980, 686;
v000001da000f7980_687 .array/port v000001da000f7980, 687;
v000001da000f7980_688 .array/port v000001da000f7980, 688;
v000001da000f7980_689 .array/port v000001da000f7980, 689;
E_000001da000b4f70/172 .event anyedge, v000001da000f7980_686, v000001da000f7980_687, v000001da000f7980_688, v000001da000f7980_689;
v000001da000f7980_690 .array/port v000001da000f7980, 690;
v000001da000f7980_691 .array/port v000001da000f7980, 691;
v000001da000f7980_692 .array/port v000001da000f7980, 692;
v000001da000f7980_693 .array/port v000001da000f7980, 693;
E_000001da000b4f70/173 .event anyedge, v000001da000f7980_690, v000001da000f7980_691, v000001da000f7980_692, v000001da000f7980_693;
v000001da000f7980_694 .array/port v000001da000f7980, 694;
v000001da000f7980_695 .array/port v000001da000f7980, 695;
v000001da000f7980_696 .array/port v000001da000f7980, 696;
v000001da000f7980_697 .array/port v000001da000f7980, 697;
E_000001da000b4f70/174 .event anyedge, v000001da000f7980_694, v000001da000f7980_695, v000001da000f7980_696, v000001da000f7980_697;
v000001da000f7980_698 .array/port v000001da000f7980, 698;
v000001da000f7980_699 .array/port v000001da000f7980, 699;
v000001da000f7980_700 .array/port v000001da000f7980, 700;
v000001da000f7980_701 .array/port v000001da000f7980, 701;
E_000001da000b4f70/175 .event anyedge, v000001da000f7980_698, v000001da000f7980_699, v000001da000f7980_700, v000001da000f7980_701;
v000001da000f7980_702 .array/port v000001da000f7980, 702;
v000001da000f7980_703 .array/port v000001da000f7980, 703;
v000001da000f7980_704 .array/port v000001da000f7980, 704;
v000001da000f7980_705 .array/port v000001da000f7980, 705;
E_000001da000b4f70/176 .event anyedge, v000001da000f7980_702, v000001da000f7980_703, v000001da000f7980_704, v000001da000f7980_705;
v000001da000f7980_706 .array/port v000001da000f7980, 706;
v000001da000f7980_707 .array/port v000001da000f7980, 707;
v000001da000f7980_708 .array/port v000001da000f7980, 708;
v000001da000f7980_709 .array/port v000001da000f7980, 709;
E_000001da000b4f70/177 .event anyedge, v000001da000f7980_706, v000001da000f7980_707, v000001da000f7980_708, v000001da000f7980_709;
v000001da000f7980_710 .array/port v000001da000f7980, 710;
v000001da000f7980_711 .array/port v000001da000f7980, 711;
v000001da000f7980_712 .array/port v000001da000f7980, 712;
v000001da000f7980_713 .array/port v000001da000f7980, 713;
E_000001da000b4f70/178 .event anyedge, v000001da000f7980_710, v000001da000f7980_711, v000001da000f7980_712, v000001da000f7980_713;
v000001da000f7980_714 .array/port v000001da000f7980, 714;
v000001da000f7980_715 .array/port v000001da000f7980, 715;
v000001da000f7980_716 .array/port v000001da000f7980, 716;
v000001da000f7980_717 .array/port v000001da000f7980, 717;
E_000001da000b4f70/179 .event anyedge, v000001da000f7980_714, v000001da000f7980_715, v000001da000f7980_716, v000001da000f7980_717;
v000001da000f7980_718 .array/port v000001da000f7980, 718;
v000001da000f7980_719 .array/port v000001da000f7980, 719;
v000001da000f7980_720 .array/port v000001da000f7980, 720;
v000001da000f7980_721 .array/port v000001da000f7980, 721;
E_000001da000b4f70/180 .event anyedge, v000001da000f7980_718, v000001da000f7980_719, v000001da000f7980_720, v000001da000f7980_721;
v000001da000f7980_722 .array/port v000001da000f7980, 722;
v000001da000f7980_723 .array/port v000001da000f7980, 723;
v000001da000f7980_724 .array/port v000001da000f7980, 724;
v000001da000f7980_725 .array/port v000001da000f7980, 725;
E_000001da000b4f70/181 .event anyedge, v000001da000f7980_722, v000001da000f7980_723, v000001da000f7980_724, v000001da000f7980_725;
v000001da000f7980_726 .array/port v000001da000f7980, 726;
v000001da000f7980_727 .array/port v000001da000f7980, 727;
v000001da000f7980_728 .array/port v000001da000f7980, 728;
v000001da000f7980_729 .array/port v000001da000f7980, 729;
E_000001da000b4f70/182 .event anyedge, v000001da000f7980_726, v000001da000f7980_727, v000001da000f7980_728, v000001da000f7980_729;
v000001da000f7980_730 .array/port v000001da000f7980, 730;
v000001da000f7980_731 .array/port v000001da000f7980, 731;
v000001da000f7980_732 .array/port v000001da000f7980, 732;
v000001da000f7980_733 .array/port v000001da000f7980, 733;
E_000001da000b4f70/183 .event anyedge, v000001da000f7980_730, v000001da000f7980_731, v000001da000f7980_732, v000001da000f7980_733;
v000001da000f7980_734 .array/port v000001da000f7980, 734;
v000001da000f7980_735 .array/port v000001da000f7980, 735;
v000001da000f7980_736 .array/port v000001da000f7980, 736;
v000001da000f7980_737 .array/port v000001da000f7980, 737;
E_000001da000b4f70/184 .event anyedge, v000001da000f7980_734, v000001da000f7980_735, v000001da000f7980_736, v000001da000f7980_737;
v000001da000f7980_738 .array/port v000001da000f7980, 738;
v000001da000f7980_739 .array/port v000001da000f7980, 739;
v000001da000f7980_740 .array/port v000001da000f7980, 740;
v000001da000f7980_741 .array/port v000001da000f7980, 741;
E_000001da000b4f70/185 .event anyedge, v000001da000f7980_738, v000001da000f7980_739, v000001da000f7980_740, v000001da000f7980_741;
v000001da000f7980_742 .array/port v000001da000f7980, 742;
v000001da000f7980_743 .array/port v000001da000f7980, 743;
v000001da000f7980_744 .array/port v000001da000f7980, 744;
v000001da000f7980_745 .array/port v000001da000f7980, 745;
E_000001da000b4f70/186 .event anyedge, v000001da000f7980_742, v000001da000f7980_743, v000001da000f7980_744, v000001da000f7980_745;
v000001da000f7980_746 .array/port v000001da000f7980, 746;
v000001da000f7980_747 .array/port v000001da000f7980, 747;
v000001da000f7980_748 .array/port v000001da000f7980, 748;
v000001da000f7980_749 .array/port v000001da000f7980, 749;
E_000001da000b4f70/187 .event anyedge, v000001da000f7980_746, v000001da000f7980_747, v000001da000f7980_748, v000001da000f7980_749;
v000001da000f7980_750 .array/port v000001da000f7980, 750;
v000001da000f7980_751 .array/port v000001da000f7980, 751;
v000001da000f7980_752 .array/port v000001da000f7980, 752;
v000001da000f7980_753 .array/port v000001da000f7980, 753;
E_000001da000b4f70/188 .event anyedge, v000001da000f7980_750, v000001da000f7980_751, v000001da000f7980_752, v000001da000f7980_753;
v000001da000f7980_754 .array/port v000001da000f7980, 754;
v000001da000f7980_755 .array/port v000001da000f7980, 755;
v000001da000f7980_756 .array/port v000001da000f7980, 756;
v000001da000f7980_757 .array/port v000001da000f7980, 757;
E_000001da000b4f70/189 .event anyedge, v000001da000f7980_754, v000001da000f7980_755, v000001da000f7980_756, v000001da000f7980_757;
v000001da000f7980_758 .array/port v000001da000f7980, 758;
v000001da000f7980_759 .array/port v000001da000f7980, 759;
v000001da000f7980_760 .array/port v000001da000f7980, 760;
v000001da000f7980_761 .array/port v000001da000f7980, 761;
E_000001da000b4f70/190 .event anyedge, v000001da000f7980_758, v000001da000f7980_759, v000001da000f7980_760, v000001da000f7980_761;
v000001da000f7980_762 .array/port v000001da000f7980, 762;
v000001da000f7980_763 .array/port v000001da000f7980, 763;
v000001da000f7980_764 .array/port v000001da000f7980, 764;
v000001da000f7980_765 .array/port v000001da000f7980, 765;
E_000001da000b4f70/191 .event anyedge, v000001da000f7980_762, v000001da000f7980_763, v000001da000f7980_764, v000001da000f7980_765;
v000001da000f7980_766 .array/port v000001da000f7980, 766;
v000001da000f7980_767 .array/port v000001da000f7980, 767;
v000001da000f7980_768 .array/port v000001da000f7980, 768;
v000001da000f7980_769 .array/port v000001da000f7980, 769;
E_000001da000b4f70/192 .event anyedge, v000001da000f7980_766, v000001da000f7980_767, v000001da000f7980_768, v000001da000f7980_769;
v000001da000f7980_770 .array/port v000001da000f7980, 770;
v000001da000f7980_771 .array/port v000001da000f7980, 771;
v000001da000f7980_772 .array/port v000001da000f7980, 772;
v000001da000f7980_773 .array/port v000001da000f7980, 773;
E_000001da000b4f70/193 .event anyedge, v000001da000f7980_770, v000001da000f7980_771, v000001da000f7980_772, v000001da000f7980_773;
v000001da000f7980_774 .array/port v000001da000f7980, 774;
v000001da000f7980_775 .array/port v000001da000f7980, 775;
v000001da000f7980_776 .array/port v000001da000f7980, 776;
v000001da000f7980_777 .array/port v000001da000f7980, 777;
E_000001da000b4f70/194 .event anyedge, v000001da000f7980_774, v000001da000f7980_775, v000001da000f7980_776, v000001da000f7980_777;
v000001da000f7980_778 .array/port v000001da000f7980, 778;
v000001da000f7980_779 .array/port v000001da000f7980, 779;
v000001da000f7980_780 .array/port v000001da000f7980, 780;
v000001da000f7980_781 .array/port v000001da000f7980, 781;
E_000001da000b4f70/195 .event anyedge, v000001da000f7980_778, v000001da000f7980_779, v000001da000f7980_780, v000001da000f7980_781;
v000001da000f7980_782 .array/port v000001da000f7980, 782;
v000001da000f7980_783 .array/port v000001da000f7980, 783;
v000001da000f7980_784 .array/port v000001da000f7980, 784;
v000001da000f7980_785 .array/port v000001da000f7980, 785;
E_000001da000b4f70/196 .event anyedge, v000001da000f7980_782, v000001da000f7980_783, v000001da000f7980_784, v000001da000f7980_785;
v000001da000f7980_786 .array/port v000001da000f7980, 786;
v000001da000f7980_787 .array/port v000001da000f7980, 787;
v000001da000f7980_788 .array/port v000001da000f7980, 788;
v000001da000f7980_789 .array/port v000001da000f7980, 789;
E_000001da000b4f70/197 .event anyedge, v000001da000f7980_786, v000001da000f7980_787, v000001da000f7980_788, v000001da000f7980_789;
v000001da000f7980_790 .array/port v000001da000f7980, 790;
v000001da000f7980_791 .array/port v000001da000f7980, 791;
v000001da000f7980_792 .array/port v000001da000f7980, 792;
v000001da000f7980_793 .array/port v000001da000f7980, 793;
E_000001da000b4f70/198 .event anyedge, v000001da000f7980_790, v000001da000f7980_791, v000001da000f7980_792, v000001da000f7980_793;
v000001da000f7980_794 .array/port v000001da000f7980, 794;
v000001da000f7980_795 .array/port v000001da000f7980, 795;
v000001da000f7980_796 .array/port v000001da000f7980, 796;
v000001da000f7980_797 .array/port v000001da000f7980, 797;
E_000001da000b4f70/199 .event anyedge, v000001da000f7980_794, v000001da000f7980_795, v000001da000f7980_796, v000001da000f7980_797;
v000001da000f7980_798 .array/port v000001da000f7980, 798;
v000001da000f7980_799 .array/port v000001da000f7980, 799;
v000001da000f7980_800 .array/port v000001da000f7980, 800;
v000001da000f7980_801 .array/port v000001da000f7980, 801;
E_000001da000b4f70/200 .event anyedge, v000001da000f7980_798, v000001da000f7980_799, v000001da000f7980_800, v000001da000f7980_801;
v000001da000f7980_802 .array/port v000001da000f7980, 802;
v000001da000f7980_803 .array/port v000001da000f7980, 803;
v000001da000f7980_804 .array/port v000001da000f7980, 804;
v000001da000f7980_805 .array/port v000001da000f7980, 805;
E_000001da000b4f70/201 .event anyedge, v000001da000f7980_802, v000001da000f7980_803, v000001da000f7980_804, v000001da000f7980_805;
v000001da000f7980_806 .array/port v000001da000f7980, 806;
v000001da000f7980_807 .array/port v000001da000f7980, 807;
v000001da000f7980_808 .array/port v000001da000f7980, 808;
v000001da000f7980_809 .array/port v000001da000f7980, 809;
E_000001da000b4f70/202 .event anyedge, v000001da000f7980_806, v000001da000f7980_807, v000001da000f7980_808, v000001da000f7980_809;
v000001da000f7980_810 .array/port v000001da000f7980, 810;
v000001da000f7980_811 .array/port v000001da000f7980, 811;
v000001da000f7980_812 .array/port v000001da000f7980, 812;
v000001da000f7980_813 .array/port v000001da000f7980, 813;
E_000001da000b4f70/203 .event anyedge, v000001da000f7980_810, v000001da000f7980_811, v000001da000f7980_812, v000001da000f7980_813;
v000001da000f7980_814 .array/port v000001da000f7980, 814;
v000001da000f7980_815 .array/port v000001da000f7980, 815;
v000001da000f7980_816 .array/port v000001da000f7980, 816;
v000001da000f7980_817 .array/port v000001da000f7980, 817;
E_000001da000b4f70/204 .event anyedge, v000001da000f7980_814, v000001da000f7980_815, v000001da000f7980_816, v000001da000f7980_817;
v000001da000f7980_818 .array/port v000001da000f7980, 818;
v000001da000f7980_819 .array/port v000001da000f7980, 819;
v000001da000f7980_820 .array/port v000001da000f7980, 820;
v000001da000f7980_821 .array/port v000001da000f7980, 821;
E_000001da000b4f70/205 .event anyedge, v000001da000f7980_818, v000001da000f7980_819, v000001da000f7980_820, v000001da000f7980_821;
v000001da000f7980_822 .array/port v000001da000f7980, 822;
v000001da000f7980_823 .array/port v000001da000f7980, 823;
v000001da000f7980_824 .array/port v000001da000f7980, 824;
v000001da000f7980_825 .array/port v000001da000f7980, 825;
E_000001da000b4f70/206 .event anyedge, v000001da000f7980_822, v000001da000f7980_823, v000001da000f7980_824, v000001da000f7980_825;
v000001da000f7980_826 .array/port v000001da000f7980, 826;
v000001da000f7980_827 .array/port v000001da000f7980, 827;
v000001da000f7980_828 .array/port v000001da000f7980, 828;
v000001da000f7980_829 .array/port v000001da000f7980, 829;
E_000001da000b4f70/207 .event anyedge, v000001da000f7980_826, v000001da000f7980_827, v000001da000f7980_828, v000001da000f7980_829;
v000001da000f7980_830 .array/port v000001da000f7980, 830;
v000001da000f7980_831 .array/port v000001da000f7980, 831;
v000001da000f7980_832 .array/port v000001da000f7980, 832;
v000001da000f7980_833 .array/port v000001da000f7980, 833;
E_000001da000b4f70/208 .event anyedge, v000001da000f7980_830, v000001da000f7980_831, v000001da000f7980_832, v000001da000f7980_833;
v000001da000f7980_834 .array/port v000001da000f7980, 834;
v000001da000f7980_835 .array/port v000001da000f7980, 835;
v000001da000f7980_836 .array/port v000001da000f7980, 836;
v000001da000f7980_837 .array/port v000001da000f7980, 837;
E_000001da000b4f70/209 .event anyedge, v000001da000f7980_834, v000001da000f7980_835, v000001da000f7980_836, v000001da000f7980_837;
v000001da000f7980_838 .array/port v000001da000f7980, 838;
v000001da000f7980_839 .array/port v000001da000f7980, 839;
v000001da000f7980_840 .array/port v000001da000f7980, 840;
v000001da000f7980_841 .array/port v000001da000f7980, 841;
E_000001da000b4f70/210 .event anyedge, v000001da000f7980_838, v000001da000f7980_839, v000001da000f7980_840, v000001da000f7980_841;
v000001da000f7980_842 .array/port v000001da000f7980, 842;
v000001da000f7980_843 .array/port v000001da000f7980, 843;
v000001da000f7980_844 .array/port v000001da000f7980, 844;
v000001da000f7980_845 .array/port v000001da000f7980, 845;
E_000001da000b4f70/211 .event anyedge, v000001da000f7980_842, v000001da000f7980_843, v000001da000f7980_844, v000001da000f7980_845;
v000001da000f7980_846 .array/port v000001da000f7980, 846;
v000001da000f7980_847 .array/port v000001da000f7980, 847;
v000001da000f7980_848 .array/port v000001da000f7980, 848;
v000001da000f7980_849 .array/port v000001da000f7980, 849;
E_000001da000b4f70/212 .event anyedge, v000001da000f7980_846, v000001da000f7980_847, v000001da000f7980_848, v000001da000f7980_849;
v000001da000f7980_850 .array/port v000001da000f7980, 850;
v000001da000f7980_851 .array/port v000001da000f7980, 851;
v000001da000f7980_852 .array/port v000001da000f7980, 852;
v000001da000f7980_853 .array/port v000001da000f7980, 853;
E_000001da000b4f70/213 .event anyedge, v000001da000f7980_850, v000001da000f7980_851, v000001da000f7980_852, v000001da000f7980_853;
v000001da000f7980_854 .array/port v000001da000f7980, 854;
v000001da000f7980_855 .array/port v000001da000f7980, 855;
v000001da000f7980_856 .array/port v000001da000f7980, 856;
v000001da000f7980_857 .array/port v000001da000f7980, 857;
E_000001da000b4f70/214 .event anyedge, v000001da000f7980_854, v000001da000f7980_855, v000001da000f7980_856, v000001da000f7980_857;
v000001da000f7980_858 .array/port v000001da000f7980, 858;
v000001da000f7980_859 .array/port v000001da000f7980, 859;
v000001da000f7980_860 .array/port v000001da000f7980, 860;
v000001da000f7980_861 .array/port v000001da000f7980, 861;
E_000001da000b4f70/215 .event anyedge, v000001da000f7980_858, v000001da000f7980_859, v000001da000f7980_860, v000001da000f7980_861;
v000001da000f7980_862 .array/port v000001da000f7980, 862;
v000001da000f7980_863 .array/port v000001da000f7980, 863;
v000001da000f7980_864 .array/port v000001da000f7980, 864;
v000001da000f7980_865 .array/port v000001da000f7980, 865;
E_000001da000b4f70/216 .event anyedge, v000001da000f7980_862, v000001da000f7980_863, v000001da000f7980_864, v000001da000f7980_865;
v000001da000f7980_866 .array/port v000001da000f7980, 866;
v000001da000f7980_867 .array/port v000001da000f7980, 867;
v000001da000f7980_868 .array/port v000001da000f7980, 868;
v000001da000f7980_869 .array/port v000001da000f7980, 869;
E_000001da000b4f70/217 .event anyedge, v000001da000f7980_866, v000001da000f7980_867, v000001da000f7980_868, v000001da000f7980_869;
v000001da000f7980_870 .array/port v000001da000f7980, 870;
v000001da000f7980_871 .array/port v000001da000f7980, 871;
v000001da000f7980_872 .array/port v000001da000f7980, 872;
v000001da000f7980_873 .array/port v000001da000f7980, 873;
E_000001da000b4f70/218 .event anyedge, v000001da000f7980_870, v000001da000f7980_871, v000001da000f7980_872, v000001da000f7980_873;
v000001da000f7980_874 .array/port v000001da000f7980, 874;
v000001da000f7980_875 .array/port v000001da000f7980, 875;
v000001da000f7980_876 .array/port v000001da000f7980, 876;
v000001da000f7980_877 .array/port v000001da000f7980, 877;
E_000001da000b4f70/219 .event anyedge, v000001da000f7980_874, v000001da000f7980_875, v000001da000f7980_876, v000001da000f7980_877;
v000001da000f7980_878 .array/port v000001da000f7980, 878;
v000001da000f7980_879 .array/port v000001da000f7980, 879;
v000001da000f7980_880 .array/port v000001da000f7980, 880;
v000001da000f7980_881 .array/port v000001da000f7980, 881;
E_000001da000b4f70/220 .event anyedge, v000001da000f7980_878, v000001da000f7980_879, v000001da000f7980_880, v000001da000f7980_881;
v000001da000f7980_882 .array/port v000001da000f7980, 882;
v000001da000f7980_883 .array/port v000001da000f7980, 883;
v000001da000f7980_884 .array/port v000001da000f7980, 884;
v000001da000f7980_885 .array/port v000001da000f7980, 885;
E_000001da000b4f70/221 .event anyedge, v000001da000f7980_882, v000001da000f7980_883, v000001da000f7980_884, v000001da000f7980_885;
v000001da000f7980_886 .array/port v000001da000f7980, 886;
v000001da000f7980_887 .array/port v000001da000f7980, 887;
v000001da000f7980_888 .array/port v000001da000f7980, 888;
v000001da000f7980_889 .array/port v000001da000f7980, 889;
E_000001da000b4f70/222 .event anyedge, v000001da000f7980_886, v000001da000f7980_887, v000001da000f7980_888, v000001da000f7980_889;
v000001da000f7980_890 .array/port v000001da000f7980, 890;
v000001da000f7980_891 .array/port v000001da000f7980, 891;
v000001da000f7980_892 .array/port v000001da000f7980, 892;
v000001da000f7980_893 .array/port v000001da000f7980, 893;
E_000001da000b4f70/223 .event anyedge, v000001da000f7980_890, v000001da000f7980_891, v000001da000f7980_892, v000001da000f7980_893;
v000001da000f7980_894 .array/port v000001da000f7980, 894;
v000001da000f7980_895 .array/port v000001da000f7980, 895;
v000001da000f7980_896 .array/port v000001da000f7980, 896;
v000001da000f7980_897 .array/port v000001da000f7980, 897;
E_000001da000b4f70/224 .event anyedge, v000001da000f7980_894, v000001da000f7980_895, v000001da000f7980_896, v000001da000f7980_897;
v000001da000f7980_898 .array/port v000001da000f7980, 898;
v000001da000f7980_899 .array/port v000001da000f7980, 899;
v000001da000f7980_900 .array/port v000001da000f7980, 900;
v000001da000f7980_901 .array/port v000001da000f7980, 901;
E_000001da000b4f70/225 .event anyedge, v000001da000f7980_898, v000001da000f7980_899, v000001da000f7980_900, v000001da000f7980_901;
v000001da000f7980_902 .array/port v000001da000f7980, 902;
v000001da000f7980_903 .array/port v000001da000f7980, 903;
v000001da000f7980_904 .array/port v000001da000f7980, 904;
v000001da000f7980_905 .array/port v000001da000f7980, 905;
E_000001da000b4f70/226 .event anyedge, v000001da000f7980_902, v000001da000f7980_903, v000001da000f7980_904, v000001da000f7980_905;
v000001da000f7980_906 .array/port v000001da000f7980, 906;
v000001da000f7980_907 .array/port v000001da000f7980, 907;
v000001da000f7980_908 .array/port v000001da000f7980, 908;
v000001da000f7980_909 .array/port v000001da000f7980, 909;
E_000001da000b4f70/227 .event anyedge, v000001da000f7980_906, v000001da000f7980_907, v000001da000f7980_908, v000001da000f7980_909;
v000001da000f7980_910 .array/port v000001da000f7980, 910;
v000001da000f7980_911 .array/port v000001da000f7980, 911;
v000001da000f7980_912 .array/port v000001da000f7980, 912;
v000001da000f7980_913 .array/port v000001da000f7980, 913;
E_000001da000b4f70/228 .event anyedge, v000001da000f7980_910, v000001da000f7980_911, v000001da000f7980_912, v000001da000f7980_913;
v000001da000f7980_914 .array/port v000001da000f7980, 914;
v000001da000f7980_915 .array/port v000001da000f7980, 915;
v000001da000f7980_916 .array/port v000001da000f7980, 916;
v000001da000f7980_917 .array/port v000001da000f7980, 917;
E_000001da000b4f70/229 .event anyedge, v000001da000f7980_914, v000001da000f7980_915, v000001da000f7980_916, v000001da000f7980_917;
v000001da000f7980_918 .array/port v000001da000f7980, 918;
v000001da000f7980_919 .array/port v000001da000f7980, 919;
v000001da000f7980_920 .array/port v000001da000f7980, 920;
v000001da000f7980_921 .array/port v000001da000f7980, 921;
E_000001da000b4f70/230 .event anyedge, v000001da000f7980_918, v000001da000f7980_919, v000001da000f7980_920, v000001da000f7980_921;
v000001da000f7980_922 .array/port v000001da000f7980, 922;
v000001da000f7980_923 .array/port v000001da000f7980, 923;
v000001da000f7980_924 .array/port v000001da000f7980, 924;
v000001da000f7980_925 .array/port v000001da000f7980, 925;
E_000001da000b4f70/231 .event anyedge, v000001da000f7980_922, v000001da000f7980_923, v000001da000f7980_924, v000001da000f7980_925;
v000001da000f7980_926 .array/port v000001da000f7980, 926;
v000001da000f7980_927 .array/port v000001da000f7980, 927;
v000001da000f7980_928 .array/port v000001da000f7980, 928;
v000001da000f7980_929 .array/port v000001da000f7980, 929;
E_000001da000b4f70/232 .event anyedge, v000001da000f7980_926, v000001da000f7980_927, v000001da000f7980_928, v000001da000f7980_929;
v000001da000f7980_930 .array/port v000001da000f7980, 930;
v000001da000f7980_931 .array/port v000001da000f7980, 931;
v000001da000f7980_932 .array/port v000001da000f7980, 932;
v000001da000f7980_933 .array/port v000001da000f7980, 933;
E_000001da000b4f70/233 .event anyedge, v000001da000f7980_930, v000001da000f7980_931, v000001da000f7980_932, v000001da000f7980_933;
v000001da000f7980_934 .array/port v000001da000f7980, 934;
v000001da000f7980_935 .array/port v000001da000f7980, 935;
v000001da000f7980_936 .array/port v000001da000f7980, 936;
v000001da000f7980_937 .array/port v000001da000f7980, 937;
E_000001da000b4f70/234 .event anyedge, v000001da000f7980_934, v000001da000f7980_935, v000001da000f7980_936, v000001da000f7980_937;
v000001da000f7980_938 .array/port v000001da000f7980, 938;
v000001da000f7980_939 .array/port v000001da000f7980, 939;
v000001da000f7980_940 .array/port v000001da000f7980, 940;
v000001da000f7980_941 .array/port v000001da000f7980, 941;
E_000001da000b4f70/235 .event anyedge, v000001da000f7980_938, v000001da000f7980_939, v000001da000f7980_940, v000001da000f7980_941;
v000001da000f7980_942 .array/port v000001da000f7980, 942;
v000001da000f7980_943 .array/port v000001da000f7980, 943;
v000001da000f7980_944 .array/port v000001da000f7980, 944;
v000001da000f7980_945 .array/port v000001da000f7980, 945;
E_000001da000b4f70/236 .event anyedge, v000001da000f7980_942, v000001da000f7980_943, v000001da000f7980_944, v000001da000f7980_945;
v000001da000f7980_946 .array/port v000001da000f7980, 946;
v000001da000f7980_947 .array/port v000001da000f7980, 947;
v000001da000f7980_948 .array/port v000001da000f7980, 948;
v000001da000f7980_949 .array/port v000001da000f7980, 949;
E_000001da000b4f70/237 .event anyedge, v000001da000f7980_946, v000001da000f7980_947, v000001da000f7980_948, v000001da000f7980_949;
v000001da000f7980_950 .array/port v000001da000f7980, 950;
v000001da000f7980_951 .array/port v000001da000f7980, 951;
v000001da000f7980_952 .array/port v000001da000f7980, 952;
v000001da000f7980_953 .array/port v000001da000f7980, 953;
E_000001da000b4f70/238 .event anyedge, v000001da000f7980_950, v000001da000f7980_951, v000001da000f7980_952, v000001da000f7980_953;
v000001da000f7980_954 .array/port v000001da000f7980, 954;
v000001da000f7980_955 .array/port v000001da000f7980, 955;
v000001da000f7980_956 .array/port v000001da000f7980, 956;
v000001da000f7980_957 .array/port v000001da000f7980, 957;
E_000001da000b4f70/239 .event anyedge, v000001da000f7980_954, v000001da000f7980_955, v000001da000f7980_956, v000001da000f7980_957;
v000001da000f7980_958 .array/port v000001da000f7980, 958;
v000001da000f7980_959 .array/port v000001da000f7980, 959;
v000001da000f7980_960 .array/port v000001da000f7980, 960;
v000001da000f7980_961 .array/port v000001da000f7980, 961;
E_000001da000b4f70/240 .event anyedge, v000001da000f7980_958, v000001da000f7980_959, v000001da000f7980_960, v000001da000f7980_961;
v000001da000f7980_962 .array/port v000001da000f7980, 962;
v000001da000f7980_963 .array/port v000001da000f7980, 963;
v000001da000f7980_964 .array/port v000001da000f7980, 964;
v000001da000f7980_965 .array/port v000001da000f7980, 965;
E_000001da000b4f70/241 .event anyedge, v000001da000f7980_962, v000001da000f7980_963, v000001da000f7980_964, v000001da000f7980_965;
v000001da000f7980_966 .array/port v000001da000f7980, 966;
v000001da000f7980_967 .array/port v000001da000f7980, 967;
v000001da000f7980_968 .array/port v000001da000f7980, 968;
v000001da000f7980_969 .array/port v000001da000f7980, 969;
E_000001da000b4f70/242 .event anyedge, v000001da000f7980_966, v000001da000f7980_967, v000001da000f7980_968, v000001da000f7980_969;
v000001da000f7980_970 .array/port v000001da000f7980, 970;
v000001da000f7980_971 .array/port v000001da000f7980, 971;
v000001da000f7980_972 .array/port v000001da000f7980, 972;
v000001da000f7980_973 .array/port v000001da000f7980, 973;
E_000001da000b4f70/243 .event anyedge, v000001da000f7980_970, v000001da000f7980_971, v000001da000f7980_972, v000001da000f7980_973;
v000001da000f7980_974 .array/port v000001da000f7980, 974;
v000001da000f7980_975 .array/port v000001da000f7980, 975;
v000001da000f7980_976 .array/port v000001da000f7980, 976;
v000001da000f7980_977 .array/port v000001da000f7980, 977;
E_000001da000b4f70/244 .event anyedge, v000001da000f7980_974, v000001da000f7980_975, v000001da000f7980_976, v000001da000f7980_977;
v000001da000f7980_978 .array/port v000001da000f7980, 978;
v000001da000f7980_979 .array/port v000001da000f7980, 979;
v000001da000f7980_980 .array/port v000001da000f7980, 980;
v000001da000f7980_981 .array/port v000001da000f7980, 981;
E_000001da000b4f70/245 .event anyedge, v000001da000f7980_978, v000001da000f7980_979, v000001da000f7980_980, v000001da000f7980_981;
v000001da000f7980_982 .array/port v000001da000f7980, 982;
v000001da000f7980_983 .array/port v000001da000f7980, 983;
v000001da000f7980_984 .array/port v000001da000f7980, 984;
v000001da000f7980_985 .array/port v000001da000f7980, 985;
E_000001da000b4f70/246 .event anyedge, v000001da000f7980_982, v000001da000f7980_983, v000001da000f7980_984, v000001da000f7980_985;
v000001da000f7980_986 .array/port v000001da000f7980, 986;
v000001da000f7980_987 .array/port v000001da000f7980, 987;
v000001da000f7980_988 .array/port v000001da000f7980, 988;
v000001da000f7980_989 .array/port v000001da000f7980, 989;
E_000001da000b4f70/247 .event anyedge, v000001da000f7980_986, v000001da000f7980_987, v000001da000f7980_988, v000001da000f7980_989;
v000001da000f7980_990 .array/port v000001da000f7980, 990;
v000001da000f7980_991 .array/port v000001da000f7980, 991;
v000001da000f7980_992 .array/port v000001da000f7980, 992;
v000001da000f7980_993 .array/port v000001da000f7980, 993;
E_000001da000b4f70/248 .event anyedge, v000001da000f7980_990, v000001da000f7980_991, v000001da000f7980_992, v000001da000f7980_993;
v000001da000f7980_994 .array/port v000001da000f7980, 994;
v000001da000f7980_995 .array/port v000001da000f7980, 995;
v000001da000f7980_996 .array/port v000001da000f7980, 996;
v000001da000f7980_997 .array/port v000001da000f7980, 997;
E_000001da000b4f70/249 .event anyedge, v000001da000f7980_994, v000001da000f7980_995, v000001da000f7980_996, v000001da000f7980_997;
v000001da000f7980_998 .array/port v000001da000f7980, 998;
v000001da000f7980_999 .array/port v000001da000f7980, 999;
v000001da000f7980_1000 .array/port v000001da000f7980, 1000;
v000001da000f7980_1001 .array/port v000001da000f7980, 1001;
E_000001da000b4f70/250 .event anyedge, v000001da000f7980_998, v000001da000f7980_999, v000001da000f7980_1000, v000001da000f7980_1001;
v000001da000f7980_1002 .array/port v000001da000f7980, 1002;
v000001da000f7980_1003 .array/port v000001da000f7980, 1003;
v000001da000f7980_1004 .array/port v000001da000f7980, 1004;
v000001da000f7980_1005 .array/port v000001da000f7980, 1005;
E_000001da000b4f70/251 .event anyedge, v000001da000f7980_1002, v000001da000f7980_1003, v000001da000f7980_1004, v000001da000f7980_1005;
v000001da000f7980_1006 .array/port v000001da000f7980, 1006;
v000001da000f7980_1007 .array/port v000001da000f7980, 1007;
v000001da000f7980_1008 .array/port v000001da000f7980, 1008;
v000001da000f7980_1009 .array/port v000001da000f7980, 1009;
E_000001da000b4f70/252 .event anyedge, v000001da000f7980_1006, v000001da000f7980_1007, v000001da000f7980_1008, v000001da000f7980_1009;
v000001da000f7980_1010 .array/port v000001da000f7980, 1010;
v000001da000f7980_1011 .array/port v000001da000f7980, 1011;
v000001da000f7980_1012 .array/port v000001da000f7980, 1012;
v000001da000f7980_1013 .array/port v000001da000f7980, 1013;
E_000001da000b4f70/253 .event anyedge, v000001da000f7980_1010, v000001da000f7980_1011, v000001da000f7980_1012, v000001da000f7980_1013;
v000001da000f7980_1014 .array/port v000001da000f7980, 1014;
v000001da000f7980_1015 .array/port v000001da000f7980, 1015;
v000001da000f7980_1016 .array/port v000001da000f7980, 1016;
v000001da000f7980_1017 .array/port v000001da000f7980, 1017;
E_000001da000b4f70/254 .event anyedge, v000001da000f7980_1014, v000001da000f7980_1015, v000001da000f7980_1016, v000001da000f7980_1017;
v000001da000f7980_1018 .array/port v000001da000f7980, 1018;
v000001da000f7980_1019 .array/port v000001da000f7980, 1019;
v000001da000f7980_1020 .array/port v000001da000f7980, 1020;
v000001da000f7980_1021 .array/port v000001da000f7980, 1021;
E_000001da000b4f70/255 .event anyedge, v000001da000f7980_1018, v000001da000f7980_1019, v000001da000f7980_1020, v000001da000f7980_1021;
v000001da000f7980_1022 .array/port v000001da000f7980, 1022;
v000001da000f7980_1023 .array/port v000001da000f7980, 1023;
E_000001da000b4f70/256 .event anyedge, v000001da000f7980_1022, v000001da000f7980_1023;
E_000001da000b4f70 .event/or E_000001da000b4f70/0, E_000001da000b4f70/1, E_000001da000b4f70/2, E_000001da000b4f70/3, E_000001da000b4f70/4, E_000001da000b4f70/5, E_000001da000b4f70/6, E_000001da000b4f70/7, E_000001da000b4f70/8, E_000001da000b4f70/9, E_000001da000b4f70/10, E_000001da000b4f70/11, E_000001da000b4f70/12, E_000001da000b4f70/13, E_000001da000b4f70/14, E_000001da000b4f70/15, E_000001da000b4f70/16, E_000001da000b4f70/17, E_000001da000b4f70/18, E_000001da000b4f70/19, E_000001da000b4f70/20, E_000001da000b4f70/21, E_000001da000b4f70/22, E_000001da000b4f70/23, E_000001da000b4f70/24, E_000001da000b4f70/25, E_000001da000b4f70/26, E_000001da000b4f70/27, E_000001da000b4f70/28, E_000001da000b4f70/29, E_000001da000b4f70/30, E_000001da000b4f70/31, E_000001da000b4f70/32, E_000001da000b4f70/33, E_000001da000b4f70/34, E_000001da000b4f70/35, E_000001da000b4f70/36, E_000001da000b4f70/37, E_000001da000b4f70/38, E_000001da000b4f70/39, E_000001da000b4f70/40, E_000001da000b4f70/41, E_000001da000b4f70/42, E_000001da000b4f70/43, E_000001da000b4f70/44, E_000001da000b4f70/45, E_000001da000b4f70/46, E_000001da000b4f70/47, E_000001da000b4f70/48, E_000001da000b4f70/49, E_000001da000b4f70/50, E_000001da000b4f70/51, E_000001da000b4f70/52, E_000001da000b4f70/53, E_000001da000b4f70/54, E_000001da000b4f70/55, E_000001da000b4f70/56, E_000001da000b4f70/57, E_000001da000b4f70/58, E_000001da000b4f70/59, E_000001da000b4f70/60, E_000001da000b4f70/61, E_000001da000b4f70/62, E_000001da000b4f70/63, E_000001da000b4f70/64, E_000001da000b4f70/65, E_000001da000b4f70/66, E_000001da000b4f70/67, E_000001da000b4f70/68, E_000001da000b4f70/69, E_000001da000b4f70/70, E_000001da000b4f70/71, E_000001da000b4f70/72, E_000001da000b4f70/73, E_000001da000b4f70/74, E_000001da000b4f70/75, E_000001da000b4f70/76, E_000001da000b4f70/77, E_000001da000b4f70/78, E_000001da000b4f70/79, E_000001da000b4f70/80, E_000001da000b4f70/81, E_000001da000b4f70/82, E_000001da000b4f70/83, E_000001da000b4f70/84, E_000001da000b4f70/85, E_000001da000b4f70/86, E_000001da000b4f70/87, E_000001da000b4f70/88, E_000001da000b4f70/89, E_000001da000b4f70/90, E_000001da000b4f70/91, E_000001da000b4f70/92, E_000001da000b4f70/93, E_000001da000b4f70/94, E_000001da000b4f70/95, E_000001da000b4f70/96, E_000001da000b4f70/97, E_000001da000b4f70/98, E_000001da000b4f70/99, E_000001da000b4f70/100, E_000001da000b4f70/101, E_000001da000b4f70/102, E_000001da000b4f70/103, E_000001da000b4f70/104, E_000001da000b4f70/105, E_000001da000b4f70/106, E_000001da000b4f70/107, E_000001da000b4f70/108, E_000001da000b4f70/109, E_000001da000b4f70/110, E_000001da000b4f70/111, E_000001da000b4f70/112, E_000001da000b4f70/113, E_000001da000b4f70/114, E_000001da000b4f70/115, E_000001da000b4f70/116, E_000001da000b4f70/117, E_000001da000b4f70/118, E_000001da000b4f70/119, E_000001da000b4f70/120, E_000001da000b4f70/121, E_000001da000b4f70/122, E_000001da000b4f70/123, E_000001da000b4f70/124, E_000001da000b4f70/125, E_000001da000b4f70/126, E_000001da000b4f70/127, E_000001da000b4f70/128, E_000001da000b4f70/129, E_000001da000b4f70/130, E_000001da000b4f70/131, E_000001da000b4f70/132, E_000001da000b4f70/133, E_000001da000b4f70/134, E_000001da000b4f70/135, E_000001da000b4f70/136, E_000001da000b4f70/137, E_000001da000b4f70/138, E_000001da000b4f70/139, E_000001da000b4f70/140, E_000001da000b4f70/141, E_000001da000b4f70/142, E_000001da000b4f70/143, E_000001da000b4f70/144, E_000001da000b4f70/145, E_000001da000b4f70/146, E_000001da000b4f70/147, E_000001da000b4f70/148, E_000001da000b4f70/149, E_000001da000b4f70/150, E_000001da000b4f70/151, E_000001da000b4f70/152, E_000001da000b4f70/153, E_000001da000b4f70/154, E_000001da000b4f70/155, E_000001da000b4f70/156, E_000001da000b4f70/157, E_000001da000b4f70/158, E_000001da000b4f70/159, E_000001da000b4f70/160, E_000001da000b4f70/161, E_000001da000b4f70/162, E_000001da000b4f70/163, E_000001da000b4f70/164, E_000001da000b4f70/165, E_000001da000b4f70/166, E_000001da000b4f70/167, E_000001da000b4f70/168, E_000001da000b4f70/169, E_000001da000b4f70/170, E_000001da000b4f70/171, E_000001da000b4f70/172, E_000001da000b4f70/173, E_000001da000b4f70/174, E_000001da000b4f70/175, E_000001da000b4f70/176, E_000001da000b4f70/177, E_000001da000b4f70/178, E_000001da000b4f70/179, E_000001da000b4f70/180, E_000001da000b4f70/181, E_000001da000b4f70/182, E_000001da000b4f70/183, E_000001da000b4f70/184, E_000001da000b4f70/185, E_000001da000b4f70/186, E_000001da000b4f70/187, E_000001da000b4f70/188, E_000001da000b4f70/189, E_000001da000b4f70/190, E_000001da000b4f70/191, E_000001da000b4f70/192, E_000001da000b4f70/193, E_000001da000b4f70/194, E_000001da000b4f70/195, E_000001da000b4f70/196, E_000001da000b4f70/197, E_000001da000b4f70/198, E_000001da000b4f70/199, E_000001da000b4f70/200, E_000001da000b4f70/201, E_000001da000b4f70/202, E_000001da000b4f70/203, E_000001da000b4f70/204, E_000001da000b4f70/205, E_000001da000b4f70/206, E_000001da000b4f70/207, E_000001da000b4f70/208, E_000001da000b4f70/209, E_000001da000b4f70/210, E_000001da000b4f70/211, E_000001da000b4f70/212, E_000001da000b4f70/213, E_000001da000b4f70/214, E_000001da000b4f70/215, E_000001da000b4f70/216, E_000001da000b4f70/217, E_000001da000b4f70/218, E_000001da000b4f70/219, E_000001da000b4f70/220, E_000001da000b4f70/221, E_000001da000b4f70/222, E_000001da000b4f70/223, E_000001da000b4f70/224, E_000001da000b4f70/225, E_000001da000b4f70/226, E_000001da000b4f70/227, E_000001da000b4f70/228, E_000001da000b4f70/229, E_000001da000b4f70/230, E_000001da000b4f70/231, E_000001da000b4f70/232, E_000001da000b4f70/233, E_000001da000b4f70/234, E_000001da000b4f70/235, E_000001da000b4f70/236, E_000001da000b4f70/237, E_000001da000b4f70/238, E_000001da000b4f70/239, E_000001da000b4f70/240, E_000001da000b4f70/241, E_000001da000b4f70/242, E_000001da000b4f70/243, E_000001da000b4f70/244, E_000001da000b4f70/245, E_000001da000b4f70/246, E_000001da000b4f70/247, E_000001da000b4f70/248, E_000001da000b4f70/249, E_000001da000b4f70/250, E_000001da000b4f70/251, E_000001da000b4f70/252, E_000001da000b4f70/253, E_000001da000b4f70/254, E_000001da000b4f70/255, E_000001da000b4f70/256;
S_000001da00064530 .scope module, "imem" "instruction_memory" 2 56, 6 1 0, S_000001da000b00b0;
 .timescale 0 0;
    .port_info 0 /INPUT 10 "address";
    .port_info 1 /OUTPUT 24 "instruction";
L_000001da000be490 .functor BUFZ 24, L_000001da00160f20, C4<000000000000000000000000>, C4<000000000000000000000000>, C4<000000000000000000000000>;
v000001da000f8ce0_0 .net *"_ivl_0", 23 0, L_000001da00160f20;  1 drivers
v000001da000f7a20_0 .net *"_ivl_2", 11 0, L_000001da00160fc0;  1 drivers
L_000001da00162258 .functor BUFT 1, C4<00>, C4<0>, C4<0>, C4<0>;
v000001da000f7e80_0 .net *"_ivl_5", 1 0, L_000001da00162258;  1 drivers
v000001da000f8e20_0 .net "address", 9 0, v000001da000f8420_0;  alias, 1 drivers
v000001da000f72a0_0 .net "instruction", 23 0, L_000001da000be490;  alias, 1 drivers
v000001da000f86a0 .array "rom", 1023 0, 23 0;
L_000001da00160f20 .array/port v000001da000f86a0, L_000001da00160fc0;
L_000001da00160fc0 .concat [ 10 2 0 0], v000001da000f8420_0, L_000001da00162258;
S_000001da0007c080 .scope module, "programm_counter" "pc" 2 45, 7 1 0, S_000001da000b00b0;
 .timescale 0 0;
    .port_info 0 /INPUT 1 "CLK";
    .port_info 1 /INPUT 1 "Reset";
    .port_info 2 /INPUT 1 "EnableIncrement";
    .port_info 3 /INPUT 1 "EnableJump";
    .port_info 4 /INPUT 10 "JumpAddr";
    .port_info 5 /OUTPUT 10 "PCout";
v000001da000f8060_0 .net "CLK", 0 0, L_000001da000be8f0;  alias, 1 drivers
v000001da000f8240_0 .net "EnableIncrement", 0 0, L_000001da000beff0;  1 drivers
v000001da000f82e0_0 .net "EnableJump", 0 0, v000001da000f8560_0;  alias, 1 drivers
v000001da000f8380_0 .net "JumpAddr", 9 0, L_000001da00160e80;  alias, 1 drivers
v000001da000f8420_0 .var "PCout", 9 0;
v000001da000f84c0_0 .net "Reset", 0 0, o000001da00108708;  alias, 0 drivers
S_000001da0007c210 .scope module, "ram_stack" "stack" 2 136, 8 1 0, S_000001da000b00b0;
 .timescale 0 0;
    .port_info 0 /INPUT 1 "CLK";
    .port_info 1 /INPUT 1 "reset";
    .port_info 2 /INPUT 1 "push";
    .port_info 3 /INPUT 1 "pop";
    .port_info 4 /OUTPUT 10 "stack_addr";
    .port_info 5 /OUTPUT 1 "error";
P_000001da000b3a70 .param/l "BASE" 1 8 10, C4<0001111111>;
L_000001da000be570 .functor AND 1, v000001da000f7660_0, L_000001da001c1650, C4<1>, C4<1>;
L_000001da000be5e0 .functor AND 1, v000001da000f87e0_0, L_000001da001c0bb0, C4<1>, C4<1>;
L_000001da000be730 .functor OR 1, L_000001da000be570, L_000001da000be5e0, C4<0>, C4<0>;
v000001da000f8600_0 .net "CLK", 0 0, L_000001da000be8f0;  alias, 1 drivers
L_000001da00162a38 .functor BUFT 1, C4<0000000001>, C4<0>, C4<0>, C4<0>;
v000001da000f8740_0 .net/2u *"_ivl_0", 9 0, L_000001da00162a38;  1 drivers
v000001da000f89c0_0 .net *"_ivl_11", 0 0, L_000001da000be570;  1 drivers
L_000001da00162ac8 .functor BUFT 1, C4<0000000000>, C4<0>, C4<0>, C4<0>;
v000001da000f8920_0 .net/2u *"_ivl_12", 9 0, L_000001da00162ac8;  1 drivers
v000001da000f8a60_0 .net *"_ivl_14", 0 0, L_000001da001c0bb0;  1 drivers
v000001da000f8b00_0 .net *"_ivl_17", 0 0, L_000001da000be5e0;  1 drivers
v000001da000f8ba0_0 .net *"_ivl_2", 9 0, L_000001da001c1c90;  1 drivers
L_000001da00162a80 .functor BUFT 1, C4<0001111111>, C4<0>, C4<0>, C4<0>;
v000001da000a8ef0_0 .net/2u *"_ivl_6", 9 0, L_000001da00162a80;  1 drivers
v000001da0015e080_0 .net *"_ivl_8", 0 0, L_000001da001c1650;  1 drivers
v000001da0015d860_0 .net "error", 0 0, L_000001da000be730;  1 drivers
v000001da0015c960_0 .net "pop", 0 0, v000001da000f7660_0;  alias, 1 drivers
v000001da0015dae0_0 .net "push", 0 0, v000001da000f87e0_0;  alias, 1 drivers
v000001da0015c1e0_0 .net "reset", 0 0, o000001da00108708;  alias, 0 drivers
v000001da0015caa0_0 .var "sp", 9 0;
v000001da0015dd60_0 .net "stack_addr", 9 0, L_000001da001c20f0;  alias, 1 drivers
L_000001da001c1c90 .arith/sum 10, v000001da0015caa0_0, L_000001da00162a38;
L_000001da001c20f0 .functor MUXZ 10, v000001da0015caa0_0, L_000001da001c1c90, v000001da000f7660_0, C4<>;
L_000001da001c1650 .cmp/eq 10, v000001da0015caa0_0, L_000001da00162a80;
L_000001da001c0bb0 .cmp/eq 10, v000001da0015caa0_0, L_000001da00162ac8;
S_000001da7ff468c0 .scope module, "registerfile" "regfile" 2 93, 9 1 0, S_000001da000b00b0;
 .timescale 0 0;
    .port_info 0 /INPUT 5 "ReadRegAddr0";
    .port_info 1 /INPUT 5 "ReadRegAddr1";
    .port_info 2 /INPUT 5 "WriteRegAddr";
    .port_info 3 /INPUT 16 "WriteData";
    .port_info 4 /INPUT 1 "RegWriteEn";
    .port_info 5 /INPUT 1 "CLK";
    .port_info 6 /OUTPUT 16 "ReadData0";
    .port_info 7 /OUTPUT 16 "ReadData1";
v000001da0015c8c0_0 .net "CLK", 0 0, L_000001da000be8f0;  alias, 1 drivers
v000001da0015d400_0 .var "ReadData0", 15 0;
v000001da0015de00_0 .var "ReadData1", 15 0;
v000001da0015d360_0 .net "ReadRegAddr0", 4 0, L_000001da001af590;  alias, 1 drivers
v000001da0015cf00_0 .net "ReadRegAddr1", 4 0, L_000001da001ae550;  alias, 1 drivers
v000001da0015dea0_0 .net "RegWriteEn", 0 0, v000001da000f8100_0;  alias, 1 drivers
v000001da0015ca00 .array "Register", 1 31, 15 0;
v000001da0015cb40_0 .net "WriteData", 15 0, L_000001da001afe50;  alias, 1 drivers
v000001da0015df40_0 .net "WriteRegAddr", 4 0, L_000001da001ae370;  alias, 1 drivers
v000001da0015ca00_0 .array/port v000001da0015ca00, 0;
v000001da0015ca00_1 .array/port v000001da0015ca00, 1;
v000001da0015ca00_2 .array/port v000001da0015ca00, 2;
E_000001da000b54b0/0 .event anyedge, v000001da0015d360_0, v000001da0015ca00_0, v000001da0015ca00_1, v000001da0015ca00_2;
v000001da0015ca00_3 .array/port v000001da0015ca00, 3;
v000001da0015ca00_4 .array/port v000001da0015ca00, 4;
v000001da0015ca00_5 .array/port v000001da0015ca00, 5;
v000001da0015ca00_6 .array/port v000001da0015ca00, 6;
E_000001da000b54b0/1 .event anyedge, v000001da0015ca00_3, v000001da0015ca00_4, v000001da0015ca00_5, v000001da0015ca00_6;
v000001da0015ca00_7 .array/port v000001da0015ca00, 7;
v000001da0015ca00_8 .array/port v000001da0015ca00, 8;
v000001da0015ca00_9 .array/port v000001da0015ca00, 9;
v000001da0015ca00_10 .array/port v000001da0015ca00, 10;
E_000001da000b54b0/2 .event anyedge, v000001da0015ca00_7, v000001da0015ca00_8, v000001da0015ca00_9, v000001da0015ca00_10;
v000001da0015ca00_11 .array/port v000001da0015ca00, 11;
v000001da0015ca00_12 .array/port v000001da0015ca00, 12;
v000001da0015ca00_13 .array/port v000001da0015ca00, 13;
v000001da0015ca00_14 .array/port v000001da0015ca00, 14;
E_000001da000b54b0/3 .event anyedge, v000001da0015ca00_11, v000001da0015ca00_12, v000001da0015ca00_13, v000001da0015ca00_14;
v000001da0015ca00_15 .array/port v000001da0015ca00, 15;
v000001da0015ca00_16 .array/port v000001da0015ca00, 16;
v000001da0015ca00_17 .array/port v000001da0015ca00, 17;
v000001da0015ca00_18 .array/port v000001da0015ca00, 18;
E_000001da000b54b0/4 .event anyedge, v000001da0015ca00_15, v000001da0015ca00_16, v000001da0015ca00_17, v000001da0015ca00_18;
v000001da0015ca00_19 .array/port v000001da0015ca00, 19;
v000001da0015ca00_20 .array/port v000001da0015ca00, 20;
v000001da0015ca00_21 .array/port v000001da0015ca00, 21;
v000001da0015ca00_22 .array/port v000001da0015ca00, 22;
E_000001da000b54b0/5 .event anyedge, v000001da0015ca00_19, v000001da0015ca00_20, v000001da0015ca00_21, v000001da0015ca00_22;
v000001da0015ca00_23 .array/port v000001da0015ca00, 23;
v000001da0015ca00_24 .array/port v000001da0015ca00, 24;
v000001da0015ca00_25 .array/port v000001da0015ca00, 25;
v000001da0015ca00_26 .array/port v000001da0015ca00, 26;
E_000001da000b54b0/6 .event anyedge, v000001da0015ca00_23, v000001da0015ca00_24, v000001da0015ca00_25, v000001da0015ca00_26;
v000001da0015ca00_27 .array/port v000001da0015ca00, 27;
v000001da0015ca00_28 .array/port v000001da0015ca00, 28;
v000001da0015ca00_29 .array/port v000001da0015ca00, 29;
v000001da0015ca00_30 .array/port v000001da0015ca00, 30;
E_000001da000b54b0/7 .event anyedge, v000001da0015ca00_27, v000001da0015ca00_28, v000001da0015ca00_29, v000001da0015ca00_30;
E_000001da000b54b0/8 .event anyedge, v000001da0015cf00_0;
E_000001da000b54b0 .event/or E_000001da000b54b0/0, E_000001da000b54b0/1, E_000001da000b54b0/2, E_000001da000b54b0/3, E_000001da000b54b0/4, E_000001da000b54b0/5, E_000001da000b54b0/6, E_000001da000b54b0/7, E_000001da000b54b0/8;
S_000001da7ff46a50 .scope module, "system_clk" "clk_ctrl" 2 32, 10 1 0, S_000001da000b00b0;
 .timescale 0 0;
    .port_info 0 /INPUT 1 "clk_in";
    .port_info 1 /INPUT 1 "reset";
    .port_info 2 /INPUT 1 "hlt_signal";
    .port_info 3 /OUTPUT 1 "clk_out";
L_000001da000bf290 .functor NOT 1, v000001da0015cbe0_0, C4<0>, C4<0>, C4<0>;
L_000001da000be8f0 .functor AND 1, o000001da001158d8, L_000001da000bf290, C4<1>, C4<1>;
v000001da0015d680_0 .net *"_ivl_0", 0 0, L_000001da000bf290;  1 drivers
v000001da0015c280_0 .net "clk_in", 0 0, o000001da001158d8;  alias, 0 drivers
v000001da0015dc20_0 .net "clk_out", 0 0, L_000001da000be8f0;  alias, 1 drivers
v000001da0015cbe0_0 .var "halted", 0 0;
v000001da0015c320_0 .net "hlt_signal", 0 0, v000001da000f7ac0_0;  alias, 1 drivers
v000001da0015c3c0_0 .net "reset", 0 0, o000001da00108708;  alias, 0 drivers
E_000001da000b47b0 .event posedge, v000001da000f7840_0, v000001da0015c280_0;
    .scope S_000001da7ff46a50;
T_0 ;
    %wait E_000001da000b47b0;
    %load/vec4 v000001da0015c3c0_0;
    %flag_set/vec4 8;
    %jmp/0xz  T_0.0, 8;
    %pushi/vec4 0, 0, 1;
    %assign/vec4 v000001da0015cbe0_0, 0;
    %jmp T_0.1;
T_0.0 ;
    %load/vec4 v000001da0015c320_0;
    %flag_set/vec4 8;
    %jmp/0xz  T_0.2, 8;
    %pushi/vec4 1, 0, 1;
    %assign/vec4 v000001da0015cbe0_0, 0;
T_0.2 ;
T_0.1 ;
    %jmp T_0;
    .thread T_0;
    .scope S_000001da0007c080;
T_1 ;
    %wait E_000001da000b3bf0;
    %load/vec4 v000001da000f84c0_0;
    %flag_set/vec4 8;
    %jmp/0xz  T_1.0, 8;
    %pushi/vec4 0, 0, 10;
    %assign/vec4 v000001da000f8420_0, 0;
    %jmp T_1.1;
T_1.0 ;
    %load/vec4 v000001da000f82e0_0;
    %flag_set/vec4 8;
    %jmp/0xz  T_1.2, 8;
    %load/vec4 v000001da000f8380_0;
    %assign/vec4 v000001da000f8420_0, 0;
    %jmp T_1.3;
T_1.2 ;
    %load/vec4 v000001da000f8240_0;
    %flag_set/vec4 8;
    %jmp/0xz  T_1.4, 8;
    %load/vec4 v000001da000f8420_0;
    %addi 1, 0, 10;
    %assign/vec4 v000001da000f8420_0, 0;
T_1.4 ;
T_1.3 ;
T_1.1 ;
    %jmp T_1;
    .thread T_1;
    .scope S_000001da00064530;
T_2 ;
    %vpi_call 6 9 "$readmemb", "instruction_memory.bin", v000001da000f86a0 {0 0 0};
    %end;
    .thread T_2;
    .scope S_000001da0007c600;
T_3 ;
    %wait E_000001da000b39b0;
    %pushi/vec4 0, 0, 1;
    %store/vec4 v000001da000f8100_0, 0, 1;
    %pushi/vec4 0, 0, 1;
    %store/vec4 v000001da000f7d40_0, 0, 1;
    %pushi/vec4 0, 0, 1;
    %store/vec4 v000001da000f8ec0_0, 0, 1;
    %pushi/vec4 0, 0, 1;
    %store/vec4 v000001da000f87e0_0, 0, 1;
    %pushi/vec4 0, 0, 1;
    %store/vec4 v000001da000f7660_0, 0, 1;
    %pushi/vec4 0, 0, 1;
    %store/vec4 v000001da000f8560_0, 0, 1;
    %pushi/vec4 0, 0, 1;
    %store/vec4 v000001da000f7ac0_0, 0, 1;
    %pushi/vec4 0, 0, 1;
    %store/vec4 v000001da000f8d80_0, 0, 1;
    %pushi/vec4 0, 0, 1;
    %store/vec4 v000001da000f73e0_0, 0, 1;
    %pushi/vec4 0, 0, 1;
    %store/vec4 v000001da000f7480_0, 0, 1;
    %pushi/vec4 0, 0, 1;
    %store/vec4 v000001da000f8880_0, 0, 1;
    %pushi/vec4 0, 0, 4;
    %store/vec4 v000001da000f7de0_0, 0, 4;
    %load/vec4 v000001da000f7520_0;
    %dup/vec4;
    %pushi/vec4 0, 0, 6;
    %cmp/u;
    %jmp/1 T_3.0, 6;
    %dup/vec4;
    %pushi/vec4 1, 0, 6;
    %cmp/u;
    %jmp/1 T_3.1, 6;
    %dup/vec4;
    %pushi/vec4 2, 0, 6;
    %cmp/u;
    %jmp/1 T_3.2, 6;
    %dup/vec4;
    %pushi/vec4 3, 0, 6;
    %cmp/u;
    %jmp/1 T_3.3, 6;
    %dup/vec4;
    %pushi/vec4 4, 0, 6;
    %cmp/u;
    %jmp/1 T_3.4, 6;
    %dup/vec4;
    %pushi/vec4 5, 0, 6;
    %cmp/u;
    %jmp/1 T_3.5, 6;
    %dup/vec4;
    %pushi/vec4 6, 0, 6;
    %cmp/u;
    %jmp/1 T_3.6, 6;
    %dup/vec4;
    %pushi/vec4 7, 0, 6;
    %cmp/u;
    %jmp/1 T_3.7, 6;
    %dup/vec4;
    %pushi/vec4 8, 0, 6;
    %cmp/u;
    %jmp/1 T_3.8, 6;
    %dup/vec4;
    %pushi/vec4 9, 0, 6;
    %cmp/u;
    %jmp/1 T_3.9, 6;
    %dup/vec4;
    %pushi/vec4 10, 0, 6;
    %cmp/u;
    %jmp/1 T_3.10, 6;
    %dup/vec4;
    %pushi/vec4 11, 0, 6;
    %cmp/u;
    %jmp/1 T_3.11, 6;
    %dup/vec4;
    %pushi/vec4 12, 0, 6;
    %cmp/u;
    %jmp/1 T_3.12, 6;
    %dup/vec4;
    %pushi/vec4 13, 0, 6;
    %cmp/u;
    %jmp/1 T_3.13, 6;
    %dup/vec4;
    %pushi/vec4 14, 0, 6;
    %cmp/u;
    %jmp/1 T_3.14, 6;
    %dup/vec4;
    %pushi/vec4 15, 0, 6;
    %cmp/u;
    %jmp/1 T_3.15, 6;
    %dup/vec4;
    %pushi/vec4 16, 0, 6;
    %cmp/u;
    %jmp/1 T_3.16, 6;
    %dup/vec4;
    %pushi/vec4 17, 0, 6;
    %cmp/u;
    %jmp/1 T_3.17, 6;
    %dup/vec4;
    %pushi/vec4 18, 0, 6;
    %cmp/u;
    %jmp/1 T_3.18, 6;
    %dup/vec4;
    %pushi/vec4 19, 0, 6;
    %cmp/u;
    %jmp/1 T_3.19, 6;
    %dup/vec4;
    %pushi/vec4 20, 0, 6;
    %cmp/u;
    %jmp/1 T_3.20, 6;
    %dup/vec4;
    %pushi/vec4 21, 0, 6;
    %cmp/u;
    %jmp/1 T_3.21, 6;
    %dup/vec4;
    %pushi/vec4 22, 0, 6;
    %cmp/u;
    %jmp/1 T_3.22, 6;
    %dup/vec4;
    %pushi/vec4 23, 0, 6;
    %cmp/u;
    %jmp/1 T_3.23, 6;
    %dup/vec4;
    %pushi/vec4 24, 0, 6;
    %cmp/u;
    %jmp/1 T_3.24, 6;
    %dup/vec4;
    %pushi/vec4 25, 0, 6;
    %cmp/u;
    %jmp/1 T_3.25, 6;
    %dup/vec4;
    %pushi/vec4 26, 0, 6;
    %cmp/u;
    %jmp/1 T_3.26, 6;
    %dup/vec4;
    %pushi/vec4 27, 0, 6;
    %cmp/u;
    %jmp/1 T_3.27, 6;
    %dup/vec4;
    %pushi/vec4 28, 0, 6;
    %cmp/u;
    %jmp/1 T_3.28, 6;
    %dup/vec4;
    %pushi/vec4 29, 0, 6;
    %cmp/u;
    %jmp/1 T_3.29, 6;
    %dup/vec4;
    %pushi/vec4 30, 0, 6;
    %cmp/u;
    %jmp/1 T_3.30, 6;
    %dup/vec4;
    %pushi/vec4 31, 0, 6;
    %cmp/u;
    %jmp/1 T_3.31, 6;
    %dup/vec4;
    %pushi/vec4 32, 0, 6;
    %cmp/u;
    %jmp/1 T_3.32, 6;
    %dup/vec4;
    %pushi/vec4 33, 0, 6;
    %cmp/u;
    %jmp/1 T_3.33, 6;
    %dup/vec4;
    %pushi/vec4 34, 0, 6;
    %cmp/u;
    %jmp/1 T_3.34, 6;
    %dup/vec4;
    %pushi/vec4 35, 0, 6;
    %cmp/u;
    %jmp/1 T_3.35, 6;
    %dup/vec4;
    %pushi/vec4 36, 0, 6;
    %cmp/u;
    %jmp/1 T_3.36, 6;
    %jmp T_3.38;
T_3.0 ;
    %jmp T_3.38;
T_3.1 ;
    %pushi/vec4 1, 0, 1;
    %store/vec4 v000001da000f7ac0_0, 0, 1;
    %jmp T_3.38;
T_3.2 ;
    %pushi/vec4 1, 0, 1;
    %store/vec4 v000001da000f7d40_0, 0, 1;
    %pushi/vec4 1, 0, 1;
    %store/vec4 v000001da000f8100_0, 0, 1;
    %pushi/vec4 1, 0, 1;
    %store/vec4 v000001da000f8880_0, 0, 1;
    %jmp T_3.38;
T_3.3 ;
    %pushi/vec4 1, 0, 1;
    %store/vec4 v000001da000f8ec0_0, 0, 1;
    %pushi/vec4 1, 0, 1;
    %store/vec4 v000001da000f8d80_0, 0, 1;
    %jmp T_3.38;
T_3.4 ;
    %pushi/vec4 1, 0, 1;
    %store/vec4 v000001da000f7d40_0, 0, 1;
    %pushi/vec4 1, 0, 1;
    %store/vec4 v000001da000f8100_0, 0, 1;
    %pushi/vec4 1, 0, 1;
    %store/vec4 v000001da000f8d80_0, 0, 1;
    %pushi/vec4 1, 0, 1;
    %store/vec4 v000001da000f7480_0, 0, 1;
    %jmp T_3.38;
T_3.5 ;
    %pushi/vec4 1, 0, 1;
    %store/vec4 v000001da000f8ec0_0, 0, 1;
    %pushi/vec4 1, 0, 1;
    %store/vec4 v000001da000f8d80_0, 0, 1;
    %pushi/vec4 1, 0, 1;
    %store/vec4 v000001da000f73e0_0, 0, 1;
    %jmp T_3.38;
T_3.6 ;
    %pushi/vec4 1, 0, 1;
    %store/vec4 v000001da000f8100_0, 0, 1;
    %pushi/vec4 1, 0, 1;
    %store/vec4 v000001da000f8880_0, 0, 1;
    %jmp T_3.38;
T_3.7 ;
    %pushi/vec4 1, 0, 1;
    %store/vec4 v000001da000f8100_0, 0, 1;
    %jmp T_3.38;
T_3.8 ;
    %pushi/vec4 1, 0, 1;
    %store/vec4 v000001da000f8100_0, 0, 1;
    %pushi/vec4 1, 0, 1;
    %store/vec4 v000001da000f7480_0, 0, 1;
    %jmp T_3.38;
T_3.9 ;
    %pushi/vec4 1, 0, 1;
    %store/vec4 v000001da000f8100_0, 0, 1;
    %pushi/vec4 1, 0, 1;
    %store/vec4 v000001da000f7480_0, 0, 1;
    %jmp T_3.38;
T_3.10 ;
    %pushi/vec4 1, 0, 1;
    %store/vec4 v000001da000f8100_0, 0, 1;
    %pushi/vec4 1, 0, 1;
    %store/vec4 v000001da000f8d80_0, 0, 1;
    %pushi/vec4 1, 0, 1;
    %store/vec4 v000001da000f7480_0, 0, 1;
    %jmp T_3.38;
T_3.11 ;
    %pushi/vec4 1, 0, 4;
    %store/vec4 v000001da000f7de0_0, 0, 4;
    %pushi/vec4 1, 0, 1;
    %store/vec4 v000001da000f8100_0, 0, 1;
    %pushi/vec4 1, 0, 1;
    %store/vec4 v000001da000f8d80_0, 0, 1;
    %pushi/vec4 1, 0, 1;
    %store/vec4 v000001da000f73e0_0, 0, 1;
    %pushi/vec4 1, 0, 1;
    %store/vec4 v000001da000f7480_0, 0, 1;
    %jmp T_3.38;
T_3.12 ;
    %pushi/vec4 2, 0, 4;
    %store/vec4 v000001da000f7de0_0, 0, 4;
    %pushi/vec4 1, 0, 1;
    %store/vec4 v000001da000f8100_0, 0, 1;
    %pushi/vec4 1, 0, 1;
    %store/vec4 v000001da000f8d80_0, 0, 1;
    %pushi/vec4 1, 0, 1;
    %store/vec4 v000001da000f73e0_0, 0, 1;
    %pushi/vec4 1, 0, 1;
    %store/vec4 v000001da000f7480_0, 0, 1;
    %jmp T_3.38;
T_3.13 ;
    %pushi/vec4 1, 0, 4;
    %store/vec4 v000001da000f7de0_0, 0, 4;
    %pushi/vec4 1, 0, 1;
    %store/vec4 v000001da000f8100_0, 0, 1;
    %pushi/vec4 1, 0, 1;
    %store/vec4 v000001da000f8d80_0, 0, 1;
    %pushi/vec4 1, 0, 1;
    %store/vec4 v000001da000f8880_0, 0, 1;
    %jmp T_3.38;
T_3.14 ;
    %pushi/vec4 3, 0, 4;
    %store/vec4 v000001da000f7de0_0, 0, 4;
    %pushi/vec4 1, 0, 1;
    %store/vec4 v000001da000f8100_0, 0, 1;
    %pushi/vec4 1, 0, 1;
    %store/vec4 v000001da000f8d80_0, 0, 1;
    %pushi/vec4 1, 0, 1;
    %store/vec4 v000001da000f73e0_0, 0, 1;
    %pushi/vec4 1, 0, 1;
    %store/vec4 v000001da000f7480_0, 0, 1;
    %jmp T_3.38;
T_3.15 ;
    %pushi/vec4 3, 0, 4;
    %store/vec4 v000001da000f7de0_0, 0, 4;
    %pushi/vec4 1, 0, 1;
    %store/vec4 v000001da000f8100_0, 0, 1;
    %pushi/vec4 1, 0, 1;
    %store/vec4 v000001da000f8d80_0, 0, 1;
    %pushi/vec4 1, 0, 1;
    %store/vec4 v000001da000f8880_0, 0, 1;
    %jmp T_3.38;
T_3.16 ;
    %pushi/vec4 4, 0, 4;
    %store/vec4 v000001da000f7de0_0, 0, 4;
    %pushi/vec4 1, 0, 1;
    %store/vec4 v000001da000f8100_0, 0, 1;
    %pushi/vec4 1, 0, 1;
    %store/vec4 v000001da000f7480_0, 0, 1;
    %jmp T_3.38;
T_3.17 ;
    %pushi/vec4 5, 0, 4;
    %store/vec4 v000001da000f7de0_0, 0, 4;
    %pushi/vec4 1, 0, 1;
    %store/vec4 v000001da000f8100_0, 0, 1;
    %pushi/vec4 1, 0, 1;
    %store/vec4 v000001da000f8d80_0, 0, 1;
    %pushi/vec4 1, 0, 1;
    %store/vec4 v000001da000f73e0_0, 0, 1;
    %pushi/vec4 1, 0, 1;
    %store/vec4 v000001da000f7480_0, 0, 1;
    %jmp T_3.38;
T_3.18 ;
    %pushi/vec4 6, 0, 4;
    %store/vec4 v000001da000f7de0_0, 0, 4;
    %pushi/vec4 1, 0, 1;
    %store/vec4 v000001da000f8100_0, 0, 1;
    %pushi/vec4 1, 0, 1;
    %store/vec4 v000001da000f8d80_0, 0, 1;
    %pushi/vec4 1, 0, 1;
    %store/vec4 v000001da000f73e0_0, 0, 1;
    %pushi/vec4 1, 0, 1;
    %store/vec4 v000001da000f7480_0, 0, 1;
    %jmp T_3.38;
T_3.19 ;
    %pushi/vec4 7, 0, 4;
    %store/vec4 v000001da000f7de0_0, 0, 4;
    %pushi/vec4 1, 0, 1;
    %store/vec4 v000001da000f8100_0, 0, 1;
    %pushi/vec4 1, 0, 1;
    %store/vec4 v000001da000f8d80_0, 0, 1;
    %pushi/vec4 1, 0, 1;
    %store/vec4 v000001da000f73e0_0, 0, 1;
    %pushi/vec4 1, 0, 1;
    %store/vec4 v000001da000f7480_0, 0, 1;
    %jmp T_3.38;
T_3.20 ;
    %pushi/vec4 8, 0, 4;
    %store/vec4 v000001da000f7de0_0, 0, 4;
    %pushi/vec4 1, 0, 1;
    %store/vec4 v000001da000f8100_0, 0, 1;
    %pushi/vec4 1, 0, 1;
    %store/vec4 v000001da000f8d80_0, 0, 1;
    %pushi/vec4 1, 0, 1;
    %store/vec4 v000001da000f73e0_0, 0, 1;
    %pushi/vec4 1, 0, 1;
    %store/vec4 v000001da000f7480_0, 0, 1;
    %jmp T_3.38;
T_3.21 ;
    %pushi/vec4 9, 0, 4;
    %store/vec4 v000001da000f7de0_0, 0, 4;
    %pushi/vec4 1, 0, 1;
    %store/vec4 v000001da000f8100_0, 0, 1;
    %pushi/vec4 1, 0, 1;
    %store/vec4 v000001da000f8d80_0, 0, 1;
    %pushi/vec4 1, 0, 1;
    %store/vec4 v000001da000f73e0_0, 0, 1;
    %pushi/vec4 1, 0, 1;
    %store/vec4 v000001da000f7480_0, 0, 1;
    %jmp T_3.38;
T_3.22 ;
    %pushi/vec4 10, 0, 4;
    %store/vec4 v000001da000f7de0_0, 0, 4;
    %pushi/vec4 1, 0, 1;
    %store/vec4 v000001da000f8100_0, 0, 1;
    %pushi/vec4 1, 0, 1;
    %store/vec4 v000001da000f8d80_0, 0, 1;
    %pushi/vec4 1, 0, 1;
    %store/vec4 v000001da000f73e0_0, 0, 1;
    %pushi/vec4 1, 0, 1;
    %store/vec4 v000001da000f7480_0, 0, 1;
    %jmp T_3.38;
T_3.23 ;
    %pushi/vec4 11, 0, 4;
    %store/vec4 v000001da000f7de0_0, 0, 4;
    %pushi/vec4 1, 0, 1;
    %store/vec4 v000001da000f8100_0, 0, 1;
    %pushi/vec4 1, 0, 1;
    %store/vec4 v000001da000f8d80_0, 0, 1;
    %pushi/vec4 1, 0, 1;
    %store/vec4 v000001da000f7480_0, 0, 1;
    %jmp T_3.38;
T_3.24 ;
    %pushi/vec4 12, 0, 4;
    %store/vec4 v000001da000f7de0_0, 0, 4;
    %pushi/vec4 1, 0, 1;
    %store/vec4 v000001da000f8d80_0, 0, 1;
    %pushi/vec4 1, 0, 1;
    %store/vec4 v000001da000f73e0_0, 0, 1;
    %jmp T_3.38;
T_3.25 ;
    %pushi/vec4 1, 0, 1;
    %store/vec4 v000001da000f8560_0, 0, 1;
    %jmp T_3.38;
T_3.26 ;
    %pushi/vec4 1, 0, 1;
    %store/vec4 v000001da000f8560_0, 0, 1;
    %pushi/vec4 1, 0, 1;
    %store/vec4 v000001da000f8d80_0, 0, 1;
    %jmp T_3.38;
T_3.27 ;
    %load/vec4 v000001da000f8f60_0;
    %parti/s 1, 0, 2;
    %store/vec4 v000001da000f8560_0, 0, 1;
    %jmp T_3.38;
T_3.28 ;
    %load/vec4 v000001da000f8f60_0;
    %parti/s 1, 0, 2;
    %inv;
    %store/vec4 v000001da000f8560_0, 0, 1;
    %jmp T_3.38;
T_3.29 ;
    %load/vec4 v000001da000f8f60_0;
    %parti/s 1, 1, 2;
    %store/vec4 v000001da000f8560_0, 0, 1;
    %jmp T_3.38;
T_3.30 ;
    %load/vec4 v000001da000f8f60_0;
    %parti/s 1, 1, 2;
    %inv;
    %store/vec4 v000001da000f8560_0, 0, 1;
    %jmp T_3.38;
T_3.31 ;
    %load/vec4 v000001da000f8f60_0;
    %parti/s 1, 1, 2;
    %load/vec4 v000001da000f8f60_0;
    %parti/s 1, 0, 2;
    %or;
    %inv;
    %store/vec4 v000001da000f8560_0, 0, 1;
    %jmp T_3.38;
T_3.32 ;
    %load/vec4 v000001da000f8f60_0;
    %parti/s 1, 1, 2;
    %load/vec4 v000001da000f8f60_0;
    %parti/s 1, 0, 2;
    %or;
    %store/vec4 v000001da000f8560_0, 0, 1;
    %jmp T_3.38;
T_3.33 ;
    %pushi/vec4 1, 0, 1;
    %store/vec4 v000001da000f8ec0_0, 0, 1;
    %pushi/vec4 1, 0, 1;
    %store/vec4 v000001da000f87e0_0, 0, 1;
    %pushi/vec4 1, 0, 1;
    %store/vec4 v000001da000f8d80_0, 0, 1;
    %jmp T_3.38;
T_3.34 ;
    %pushi/vec4 1, 0, 1;
    %store/vec4 v000001da000f7d40_0, 0, 1;
    %pushi/vec4 1, 0, 1;
    %store/vec4 v000001da000f7660_0, 0, 1;
    %pushi/vec4 1, 0, 1;
    %store/vec4 v000001da000f8100_0, 0, 1;
    %pushi/vec4 1, 0, 1;
    %store/vec4 v000001da000f7480_0, 0, 1;
    %jmp T_3.38;
T_3.35 ;
    %pushi/vec4 1, 0, 1;
    %store/vec4 v000001da000f8ec0_0, 0, 1;
    %pushi/vec4 1, 0, 1;
    %store/vec4 v000001da000f87e0_0, 0, 1;
    %pushi/vec4 1, 0, 1;
    %store/vec4 v000001da000f8560_0, 0, 1;
    %jmp T_3.38;
T_3.36 ;
    %pushi/vec4 1, 0, 1;
    %store/vec4 v000001da000f7d40_0, 0, 1;
    %pushi/vec4 1, 0, 1;
    %store/vec4 v000001da000f7660_0, 0, 1;
    %pushi/vec4 1, 0, 1;
    %store/vec4 v000001da000f8560_0, 0, 1;
    %jmp T_3.38;
T_3.38 ;
    %pop/vec4 1;
    %jmp T_3;
    .thread T_3, $push;
    .scope S_000001da7ff468c0;
T_4 ;
    %wait E_000001da000b54b0;
    %pushi/vec4 0, 0, 16;
    %store/vec4 v000001da0015d400_0, 0, 16;
    %load/vec4 v000001da0015d360_0;
    %pad/u 32;
    %cmpi/u 1, 0, 32;
    %flag_inv 5; GE is !LT
    %flag_get/vec4 5;
    %jmp/0 T_4.2, 5;
    %load/vec4 v000001da0015d360_0;
    %pad/u 32;
    %cmpi/u 31, 0, 32;
    %flag_get/vec4 4;
    %flag_get/vec4 5;
    %or;
    %and;
T_4.2;
    %flag_set/vec4 8;
    %jmp/0xz  T_4.0, 8;
    %load/vec4 v000001da0015d360_0;
    %pad/u 7;
    %subi 1, 0, 7;
    %ix/vec4 4;
    %load/vec4a v000001da0015ca00, 4;
    %store/vec4 v000001da0015d400_0, 0, 16;
T_4.0 ;
    %pushi/vec4 0, 0, 16;
    %store/vec4 v000001da0015de00_0, 0, 16;
    %load/vec4 v000001da0015cf00_0;
    %pad/u 32;
    %cmpi/u 1, 0, 32;
    %flag_inv 5; GE is !LT
    %flag_get/vec4 5;
    %jmp/0 T_4.5, 5;
    %load/vec4 v000001da0015cf00_0;
    %pad/u 32;
    %cmpi/u 31, 0, 32;
    %flag_get/vec4 4;
    %flag_get/vec4 5;
    %or;
    %and;
T_4.5;
    %flag_set/vec4 8;
    %jmp/0xz  T_4.3, 8;
    %load/vec4 v000001da0015cf00_0;
    %pad/u 7;
    %subi 1, 0, 7;
    %ix/vec4 4;
    %load/vec4a v000001da0015ca00, 4;
    %store/vec4 v000001da0015de00_0, 0, 16;
T_4.3 ;
    %jmp T_4;
    .thread T_4, $push;
    .scope S_000001da7ff468c0;
T_5 ;
    %wait E_000001da000b5570;
    %load/vec4 v000001da0015dea0_0;
    %flag_set/vec4 8;
    %jmp/0xz  T_5.0, 8;
    %load/vec4 v000001da0015df40_0;
    %pad/u 32;
    %cmpi/u 1, 0, 32;
    %flag_inv 5; GE is !LT
    %flag_get/vec4 5;
    %jmp/0 T_5.4, 5;
    %load/vec4 v000001da0015df40_0;
    %pad/u 32;
    %cmpi/u 31, 0, 32;
    %flag_get/vec4 4;
    %flag_get/vec4 5;
    %or;
    %and;
T_5.4;
    %flag_set/vec4 8;
    %jmp/0xz  T_5.2, 8;
    %load/vec4 v000001da0015cb40_0;
    %load/vec4 v000001da0015df40_0;
    %pad/u 7;
    %subi 1, 0, 7;
    %ix/vec4 3;
    %ix/load 4, 0, 0; Constant delay
    %assign/vec4/a/d v000001da0015ca00, 0, 4;
T_5.2 ;
T_5.0 ;
    %jmp T_5;
    .thread T_5;
    .scope S_000001da0007c790;
T_6 ;
    %wait E_000001da000b3d70;
    %pushi/vec4 1, 0, 1;
    %store/vec4 v000001da000f7c00_0, 0, 1;
    %pushi/vec4 0, 0, 16;
    %store/vec4 v000001da000f70c0_0, 0, 16;
    %load/vec4 v000001da000f7700_0;
    %store/vec4 v000001da000f7160_0, 0, 2;
    %load/vec4 v000001da000f7b60_0;
    %dup/vec4;
    %pushi/vec4 1, 0, 4;
    %cmp/u;
    %jmp/1 T_6.0, 6;
    %dup/vec4;
    %pushi/vec4 2, 0, 4;
    %cmp/u;
    %jmp/1 T_6.1, 6;
    %dup/vec4;
    %pushi/vec4 3, 0, 4;
    %cmp/u;
    %jmp/1 T_6.2, 6;
    %dup/vec4;
    %pushi/vec4 4, 0, 4;
    %cmp/u;
    %jmp/1 T_6.3, 6;
    %dup/vec4;
    %pushi/vec4 5, 0, 4;
    %cmp/u;
    %jmp/1 T_6.4, 6;
    %dup/vec4;
    %pushi/vec4 6, 0, 4;
    %cmp/u;
    %jmp/1 T_6.5, 6;
    %dup/vec4;
    %pushi/vec4 7, 0, 4;
    %cmp/u;
    %jmp/1 T_6.6, 6;
    %dup/vec4;
    %pushi/vec4 8, 0, 4;
    %cmp/u;
    %jmp/1 T_6.7, 6;
    %dup/vec4;
    %pushi/vec4 9, 0, 4;
    %cmp/u;
    %jmp/1 T_6.8, 6;
    %dup/vec4;
    %pushi/vec4 10, 0, 4;
    %cmp/u;
    %jmp/1 T_6.9, 6;
    %dup/vec4;
    %pushi/vec4 11, 0, 4;
    %cmp/u;
    %jmp/1 T_6.10, 6;
    %dup/vec4;
    %pushi/vec4 12, 0, 4;
    %cmp/u;
    %jmp/1 T_6.11, 6;
    %pushi/vec4 0, 0, 16;
    %store/vec4 v000001da000f70c0_0, 0, 16;
    %pushi/vec4 0, 0, 1;
    %store/vec4 v000001da000f7c00_0, 0, 1;
    %jmp T_6.13;
T_6.0 ;
    %load/vec4 v000001da000f77a0_0;
    %pad/u 17;
    %load/vec4 v000001da000f8c40_0;
    %pad/u 17;
    %add;
    %split/vec4 16;
    %store/vec4 v000001da000f70c0_0, 0, 16;
    %ix/load 4, 1, 0;
    %flag_set/imm 4, 0;
    %store/vec4 v000001da000f7160_0, 4, 1;
    %load/vec4 v000001da000f70c0_0;
    %pushi/vec4 0, 0, 16;
    %cmp/e;
    %flag_get/vec4 4;
    %ix/load 4, 0, 0;
    %flag_set/imm 4, 0;
    %store/vec4 v000001da000f7160_0, 4, 1;
    %jmp T_6.13;
T_6.1 ;
    %load/vec4 v000001da000f77a0_0;
    %pad/u 17;
    %load/vec4 v000001da000f8c40_0;
    %pad/u 17;
    %add;
    %load/vec4 v000001da000f7700_0;
    %parti/s 1, 1, 2;
    %pad/u 17;
    %add;
    %split/vec4 16;
    %store/vec4 v000001da000f70c0_0, 0, 16;
    %ix/load 4, 1, 0;
    %flag_set/imm 4, 0;
    %store/vec4 v000001da000f7160_0, 4, 1;
    %load/vec4 v000001da000f70c0_0;
    %pushi/vec4 0, 0, 16;
    %cmp/e;
    %flag_get/vec4 4;
    %ix/load 4, 0, 0;
    %flag_set/imm 4, 0;
    %store/vec4 v000001da000f7160_0, 4, 1;
    %jmp T_6.13;
T_6.2 ;
    %load/vec4 v000001da000f77a0_0;
    %load/vec4 v000001da000f8c40_0;
    %sub;
    %store/vec4 v000001da000f70c0_0, 0, 16;
    %load/vec4 v000001da000f70c0_0;
    %pushi/vec4 0, 0, 16;
    %cmp/e;
    %flag_get/vec4 4;
    %ix/load 4, 0, 0;
    %flag_set/imm 4, 0;
    %store/vec4 v000001da000f7160_0, 4, 1;
    %load/vec4 v000001da000f77a0_0;
    %load/vec4 v000001da000f8c40_0;
    %cmp/u;
    %flag_get/vec4 5;
    %ix/load 4, 1, 0;
    %flag_set/imm 4, 0;
    %store/vec4 v000001da000f7160_0, 4, 1;
    %jmp T_6.13;
T_6.3 ;
    %load/vec4 v000001da000f77a0_0;
    %ix/load 4, 1, 0;
    %flag_set/imm 4, 0;
    %shiftr 4;
    %store/vec4 v000001da000f70c0_0, 0, 16;
    %load/vec4 v000001da000f70c0_0;
    %pushi/vec4 0, 0, 16;
    %cmp/e;
    %flag_get/vec4 4;
    %ix/load 4, 0, 0;
    %flag_set/imm 4, 0;
    %store/vec4 v000001da000f7160_0, 4, 1;
    %load/vec4 v000001da000f77a0_0;
    %parti/s 1, 0, 2;
    %ix/load 4, 1, 0;
    %flag_set/imm 4, 0;
    %store/vec4 v000001da000f7160_0, 4, 1;
    %jmp T_6.13;
T_6.4 ;
    %load/vec4 v000001da000f77a0_0;
    %load/vec4 v000001da000f8c40_0;
    %and;
    %store/vec4 v000001da000f70c0_0, 0, 16;
    %load/vec4 v000001da000f70c0_0;
    %pushi/vec4 0, 0, 16;
    %cmp/e;
    %flag_get/vec4 4;
    %ix/load 4, 0, 0;
    %flag_set/imm 4, 0;
    %store/vec4 v000001da000f7160_0, 4, 1;
    %pushi/vec4 0, 0, 1;
    %ix/load 4, 1, 0;
    %flag_set/imm 4, 0;
    %store/vec4 v000001da000f7160_0, 4, 1;
    %jmp T_6.13;
T_6.5 ;
    %load/vec4 v000001da000f77a0_0;
    %load/vec4 v000001da000f8c40_0;
    %or;
    %store/vec4 v000001da000f70c0_0, 0, 16;
    %load/vec4 v000001da000f70c0_0;
    %pushi/vec4 0, 0, 16;
    %cmp/e;
    %flag_get/vec4 4;
    %ix/load 4, 0, 0;
    %flag_set/imm 4, 0;
    %store/vec4 v000001da000f7160_0, 4, 1;
    %pushi/vec4 0, 0, 1;
    %ix/load 4, 1, 0;
    %flag_set/imm 4, 0;
    %store/vec4 v000001da000f7160_0, 4, 1;
    %jmp T_6.13;
T_6.6 ;
    %load/vec4 v000001da000f77a0_0;
    %load/vec4 v000001da000f8c40_0;
    %xor;
    %store/vec4 v000001da000f70c0_0, 0, 16;
    %load/vec4 v000001da000f70c0_0;
    %pushi/vec4 0, 0, 16;
    %cmp/e;
    %flag_get/vec4 4;
    %ix/load 4, 0, 0;
    %flag_set/imm 4, 0;
    %store/vec4 v000001da000f7160_0, 4, 1;
    %pushi/vec4 0, 0, 1;
    %ix/load 4, 1, 0;
    %flag_set/imm 4, 0;
    %store/vec4 v000001da000f7160_0, 4, 1;
    %jmp T_6.13;
T_6.7 ;
    %load/vec4 v000001da000f77a0_0;
    %load/vec4 v000001da000f8c40_0;
    %and;
    %inv;
    %store/vec4 v000001da000f70c0_0, 0, 16;
    %load/vec4 v000001da000f70c0_0;
    %pushi/vec4 0, 0, 16;
    %cmp/e;
    %flag_get/vec4 4;
    %ix/load 4, 0, 0;
    %flag_set/imm 4, 0;
    %store/vec4 v000001da000f7160_0, 4, 1;
    %pushi/vec4 0, 0, 1;
    %ix/load 4, 1, 0;
    %flag_set/imm 4, 0;
    %store/vec4 v000001da000f7160_0, 4, 1;
    %jmp T_6.13;
T_6.8 ;
    %load/vec4 v000001da000f77a0_0;
    %load/vec4 v000001da000f8c40_0;
    %or;
    %inv;
    %store/vec4 v000001da000f70c0_0, 0, 16;
    %load/vec4 v000001da000f70c0_0;
    %pushi/vec4 0, 0, 16;
    %cmp/e;
    %flag_get/vec4 4;
    %ix/load 4, 0, 0;
    %flag_set/imm 4, 0;
    %store/vec4 v000001da000f7160_0, 4, 1;
    %pushi/vec4 0, 0, 1;
    %ix/load 4, 1, 0;
    %flag_set/imm 4, 0;
    %store/vec4 v000001da000f7160_0, 4, 1;
    %jmp T_6.13;
T_6.9 ;
    %load/vec4 v000001da000f77a0_0;
    %load/vec4 v000001da000f8c40_0;
    %xor;
    %inv;
    %store/vec4 v000001da000f70c0_0, 0, 16;
    %load/vec4 v000001da000f70c0_0;
    %pushi/vec4 0, 0, 16;
    %cmp/e;
    %flag_get/vec4 4;
    %ix/load 4, 0, 0;
    %flag_set/imm 4, 0;
    %store/vec4 v000001da000f7160_0, 4, 1;
    %pushi/vec4 0, 0, 1;
    %ix/load 4, 1, 0;
    %flag_set/imm 4, 0;
    %store/vec4 v000001da000f7160_0, 4, 1;
    %jmp T_6.13;
T_6.10 ;
    %load/vec4 v000001da000f77a0_0;
    %inv;
    %store/vec4 v000001da000f70c0_0, 0, 16;
    %load/vec4 v000001da000f70c0_0;
    %pushi/vec4 0, 0, 16;
    %cmp/e;
    %flag_get/vec4 4;
    %ix/load 4, 0, 0;
    %flag_set/imm 4, 0;
    %store/vec4 v000001da000f7160_0, 4, 1;
    %pushi/vec4 0, 0, 1;
    %ix/load 4, 1, 0;
    %flag_set/imm 4, 0;
    %store/vec4 v000001da000f7160_0, 4, 1;
    %jmp T_6.13;
T_6.11 ;
    %pushi/vec4 0, 0, 16;
    %store/vec4 v000001da000f70c0_0, 0, 16;
    %load/vec4 v000001da000f77a0_0;
    %load/vec4 v000001da000f8c40_0;
    %cmp/e;
    %flag_get/vec4 4;
    %ix/load 4, 0, 0;
    %flag_set/imm 4, 0;
    %store/vec4 v000001da000f7160_0, 4, 1;
    %load/vec4 v000001da000f77a0_0;
    %load/vec4 v000001da000f8c40_0;
    %cmp/u;
    %flag_get/vec4 5;
    %ix/load 4, 1, 0;
    %flag_set/imm 4, 0;
    %store/vec4 v000001da000f7160_0, 4, 1;
    %jmp T_6.13;
T_6.13 ;
    %pop/vec4 1;
    %jmp T_6;
    .thread T_6, $push;
    .scope S_000001da0007c790;
T_7 ;
    %wait E_000001da000b3bf0;
    %load/vec4 v000001da000f7840_0;
    %flag_set/vec4 8;
    %jmp/0xz  T_7.0, 8;
    %pushi/vec4 0, 0, 2;
    %assign/vec4 v000001da000f7700_0, 0;
    %jmp T_7.1;
T_7.0 ;
    %load/vec4 v000001da000f7c00_0;
    %flag_set/vec4 8;
    %jmp/0xz  T_7.2, 8;
    %load/vec4 v000001da000f7160_0;
    %assign/vec4 v000001da000f7700_0, 0;
T_7.2 ;
T_7.1 ;
    %jmp T_7;
    .thread T_7;
    .scope S_000001da000643a0;
T_8 ;
    %wait E_000001da000b4f70;
    %load/vec4 v000001da000f7f20_0;
    %flag_set/vec4 8;
    %jmp/0xz  T_8.0, 8;
    %load/vec4 v000001da000f7200_0;
    %pad/u 12;
    %ix/vec4 4;
    %load/vec4a v000001da000f7980, 4;
    %store/vec4 v000001da000f7ca0_0, 0, 16;
T_8.0 ;
    %jmp T_8;
    .thread T_8, $push;
    .scope S_000001da000643a0;
T_9 ;
    %wait E_000001da000b5570;
    %load/vec4 v000001da000f7fc0_0;
    %flag_set/vec4 8;
    %jmp/0xz  T_9.0, 8;
    %load/vec4 v000001da000f75c0_0;
    %load/vec4 v000001da000f7200_0;
    %pad/u 12;
    %ix/vec4 3;
    %ix/load 4, 0, 0; Constant delay
    %assign/vec4/a/d v000001da000f7980, 0, 4;
T_9.0 ;
    %jmp T_9;
    .thread T_9;
    .scope S_000001da0007c210;
T_10 ;
    %wait E_000001da000b3bf0;
    %load/vec4 v000001da0015c1e0_0;
    %flag_set/vec4 8;
    %jmp/0xz  T_10.0, 8;
    %pushi/vec4 127, 0, 10;
    %assign/vec4 v000001da0015caa0_0, 0;
    %jmp T_10.1;
T_10.0 ;
    %load/vec4 v000001da0015dae0_0;
    %flag_set/vec4 9;
    %flag_get/vec4 9;
    %jmp/0 T_10.4, 9;
    %load/vec4 v000001da0015d860_0;
    %nor/r;
    %and;
T_10.4;
    %flag_set/vec4 8;
    %jmp/0xz  T_10.2, 8;
    %load/vec4 v000001da0015caa0_0;
    %subi 1, 0, 10;
    %assign/vec4 v000001da0015caa0_0, 0;
    %jmp T_10.3;
T_10.2 ;
    %load/vec4 v000001da0015c960_0;
    %flag_set/vec4 9;
    %flag_get/vec4 9;
    %jmp/0 T_10.7, 9;
    %load/vec4 v000001da0015d860_0;
    %nor/r;
    %and;
T_10.7;
    %flag_set/vec4 8;
    %jmp/0xz  T_10.5, 8;
    %load/vec4 v000001da0015caa0_0;
    %addi 1, 0, 10;
    %assign/vec4 v000001da0015caa0_0, 0;
T_10.5 ;
T_10.3 ;
T_10.1 ;
    %jmp T_10;
    .thread T_10;
# The file index is used to find the file name in the following table.
:file_names 11;
    "N/A";
    "<interactive>";
    "cpu_top.v";
    "./decoder.v";
    "./alu.v";
    "./ram.v";
    "./instruction_memory.v";
    "./pc.v";
    "./stack.v";
    "./regfile.v";
    "./clk_ctrl.v";
